__id,start,end,interviewee_mill_owner,mills_number_milling_machines,machines_machine_count,Packaging_flour_fortified,Packaging_flour_fortified_standard,Location_addr_region,Location_addr_district,Location_mill_gps_coordinates,commodity_milled,mill_type,operational_mill,energy_source,img_machines,non_operational,machine_id,geo,Data_Source
uuid:007-0d59-443b-94d1-80f14bd3dd08,2021-08-13T17:19:54.732+03:10,2021-08-13T17:31:01.108+03:10,,1,1,yes,,Arusha,Arusha_District_Council,"[36.7041664, -3.3863685, 0]",,hammer,,,,,c3b014f2a7562270674a5152698213e686,"-3.3863685,36.7041664",SANKU
uuid:007-0d59-443b-94d1-80f14bd3dd09,2021-08-13T17:19:54.732+03:11,2021-08-13T17:31:01.108+03:11,,1,1,yes,,Arusha,Arusha_City_Council,"[36.7363996, -3.405696079, 0]",,hammer,,,,,c3b014f2a7562270674a5152698213e687,"-3.405696079,36.7363996",SANKU
uuid:007-0d59-443b-94d1-80f14bd3dd10,2021-08-13T17:19:54.732+03:12,2021-08-13T17:31:01.108+03:12,,1,1,yes,,Arusha,Arusha_City_Council,"[36.65982823, -3.383117629, 0]",,hammer,,,,,c3b014f2a7562270674a5152698213e688,"-3.383117629,36.65982823",SANKU
uuid:007-0d59-443b-94d1-80f14bd3dd11,2021-08-13T17:19:54.732+03:13,2021-08-13T17:31:01.108+03:13,,1,1,yes,,Arusha,Arusha_City_Council,"[36.65617809, -3.418892446, 0]",,hammer,,,,,c3b014f2a7562270674a5152698213e689,"-3.418892446,36.65617809",SANKU
uuid:007-0d59-443b-94d1-80f14bd3dd12,2021-08-13T17:19:54.732+03:14,2021-08-13T17:31:01.108+03:14,,1,1,yes,,Arusha,Arusha_City_Council,"[36.6812833, -3.3824898, 0]",,hammer,,,,,c3b014f2a7562270674a5152698213e690,"-3.3824898,36.6812833",SANKU
uuid:007-0d59-443b-94d1-80f14bd3dd13,2021-08-13T17:19:54.732+03:15,2021-08-13T17:31:01.108+03:15,,1,1,yes,,Arusha,Arusha_City_Council,"[36.8252667, -3.3741417, 0]",,hammer,,,,,c3b014f2a7562270674a5152698213e691,"-3.3741417,36.8252667",SANKU
uuid:007-0d59-443b-94d1-80f14bd3dd14,2021-08-13T17:19:54.732+03:16,2021-08-13T17:31:01.108+03:16,,1,1,yes,,Arusha,Arusha_City_Council,"[36.6649517, -3.39591, 0]",,hammer,,,,,c3b014f2a7562270674a5152698213e692,"-3.39591,36.6649517",SANKU
uuid:007-0d59-443b-94d1-80f14bd3dd15,2021-08-13T17:19:54.732+03:17,2021-08-13T17:31:01.108+03:17,,1,1,yes,,Arusha,Arusha_City_Council,"[36.68413592, -3.384074047, 0]",,hammer,,,,,c3b014f2a7562270674a5152698213e693,"-3.384074047,36.68413592",SANKU
uuid:007-0d59-443b-94d1-80f14bd3dd16,2021-08-13T17:19:54.732+03:18,2021-08-13T17:31:01.108+03:18,,1,1,yes,,Arusha,Arumeru_District_Council,"[36.78107791, -3.37055169, 0]",,hammer,,,,,c3b014f2a7562270674a5152698213e694,"-3.37055169,36.78107791",SANKU
uuid:007-0d59-443b-94d1-80f14bd3dd17,2021-08-13T17:19:54.732+03:19,2021-08-13T17:31:01.108+03:19,,1,1,yes,,Arusha,Arumeru_District_Council,"[36.8264717, -3.4084883, 0]",,hammer,,,,,c3b014f2a7562270674a5152698213e695,"-3.4084883,36.8264717",SANKU
uuid:007-0d59-443b-94d1-80f14bd3dd18,2021-08-13T17:19:54.732+03:20,2021-08-13T17:31:01.108+03:20,,1,1,yes,,Arusha,Arumeru_District_Council,"[36.85091524, -3.375932557, 0]",,hammer,,,,,c3b014f2a7562270674a5152698213e696,"-3.375932557,36.85091524",SANKU
uuid:007-0d59-443b-94d1-80f14bd3dd19,2021-08-13T17:19:54.732+03:21,2021-08-13T17:31:01.108+03:21,,1,1,yes,,Dar_es_Salaam,Ilala_Municipal_Council,"[39.0964226, -6.9715265, 0]",,hammer,,,,,c3b014f2a7562270674a5152698213e697,"-6.9715265,39.0964226",SANKU
uuid:007-0d59-443b-94d1-80f14bd3dd20,2021-08-13T17:19:54.732+03:22,2021-08-13T17:31:01.108+03:22,,1,1,yes,,Dar_es_Salaam,Ilala_Municipal_Council,"[39.21039041, -6.978027401, 0]",,hammer,,,,,c3b014f2a7562270674a5152698213e698,"-6.978027401,39.21039041",SANKU
uuid:007-0d59-443b-94d1-80f14bd3dd21,2021-08-13T17:19:54.732+03:23,2021-08-13T17:31:01.108+03:23,,1,1,yes,,Dar_es_Salaam,Ilala_Municipal_Council,"[39.2119585, -6.8278393, 0]",,hammer,,,,,c3b014f2a7562270674a5152698213e699,"-6.8278393,39.2119585",SANKU
uuid:007-0d59-443b-94d1-80f14bd3dd22,2021-08-13T17:19:54.732+03:24,2021-08-13T17:31:01.108+03:24,,1,1,yes,,Dar_es_Salaam,Ilala_Municipal_Council,"[39.12322, -7.02933, 0]",,hammer,,,,,c3b014f2a7562270674a5152698213e700,"-7.02933,39.12322",SANKU
uuid:007-0d59-443b-94d1-80f14bd3dd23,2021-08-13T17:19:54.732+03:25,2021-08-13T17:31:01.108+03:25,,1,1,yes,,Dar_es_Salaam,Ilala_Municipal_Council,"[39.1643734, -6.8447283, 0]",,hammer,,,,,c3b014f2a7562270674a5152698213e701,"-6.8447283,39.1643734",SANKU
uuid:007-0d59-443b-94d1-80f14bd3dd24,2021-08-13T17:19:54.732+03:26,2021-08-13T17:31:01.108+03:26,,1,1,yes,,Dar_es_Salaam,Ilala_Municipal_Council,"[39.1890576, -6.9148774, 0]",,hammer,,,,,c3b014f2a7562270674a5152698213e702,"-6.9148774,39.1890576",SANKU
uuid:007-0d59-443b-94d1-80f14bd3dd25,2021-08-13T17:19:54.732+03:27,2021-08-13T17:31:01.108+03:27,,1,1,yes,,Dar_es_Salaam,Ilala_Municipal_Council,"[39.20994817, -6.825473071, 0]",,hammer,,,,,c3b014f2a7562270674a5152698213e703,"-6.825473071,39.20994817",SANKU
uuid:007-0d59-443b-94d1-80f14bd3dd26,2021-08-13T17:19:54.732+03:28,2021-08-13T17:31:01.108+03:28,,1,1,yes,,Dar_es_Salaam,Ilala_Municipal_Council,"[39.0791362, -7.0048315, 0]",,hammer,,,,,c3b014f2a7562270674a5152698213e704,"-7.0048315,39.0791362",SANKU
uuid:007-0d59-443b-94d1-80f14bd3dd27,2021-08-13T17:19:54.732+03:29,2021-08-13T17:31:01.108+03:29,,1,1,yes,,Dar_es_Salaam,Ilala_Municipal_Council,"[39.1808011, -6.9384812, 0]",,hammer,,,,,c3b014f2a7562270674a5152698213e705,"-6.9384812,39.1808011",SANKU
uuid:007-0d59-443b-94d1-80f14bd3dd28,2021-08-13T17:19:54.732+03:30,2021-08-13T17:31:01.108+03:30,,1,1,yes,,Dar_es_Salaam,Ilala_Municipal_Council,"[39.1590151, -6.9893271, 0]",,hammer,,,,,c3b014f2a7562270674a5152698213e706,"-6.9893271,39.1590151",SANKU
uuid:007-0d59-443b-94d1-80f14bd3dd29,2021-08-13T17:19:54.732+03:31,2021-08-13T17:31:01.108+03:31,,1,1,yes,,Dar_es_Salaam,Ilala_Municipal_Council,"[39.1479893, -6.8433727, 0]",,hammer,,,,,c3b014f2a7562270674a5152698213e707,"-6.8433727,39.1479893",SANKU
uuid:007-0d59-443b-94d1-80f14bd3dd30,2021-08-13T17:19:54.732+03:32,2021-08-13T17:31:01.108+03:32,,1,1,yes,,Dar_es_Salaam,Ilala_Municipal_Council,"[39.1437166, -6.921742, 0]",,hammer,,,,,c3b014f2a7562270674a5152698213e708,"-6.921742,39.1437166",SANKU
uuid:007-0d59-443b-94d1-80f14bd3dd31,2021-08-13T17:19:54.732+03:33,2021-08-13T17:31:01.108+03:33,,1,1,yes,,Dar_es_Salaam,Ilala_Municipal_Council,"[39.1671505, -6.8952866, 0]",,hammer,,,,,c3b014f2a7562270674a5152698213e709,"-6.8952866,39.1671505",SANKU
uuid:007-0d59-443b-94d1-80f14bd3dd32,2021-08-13T17:19:54.732+03:34,2021-08-13T17:31:01.108+03:34,,1,1,yes,,Dar_es_Salaam,Ilala_Municipal_Council,"[39.17557833, -6.963001667, 0]",,hammer,,,,,c3b014f2a7562270674a5152698213e710,"-6.963001667,39.17557833",SANKU
uuid:007-0d59-443b-94d1-80f14bd3dd33,2021-08-13T17:19:54.732+03:35,2021-08-13T17:31:01.108+03:35,,1,1,yes,,Dar_es_Salaam,Ilala_Municipal_Council,"[39.1779159, -6.9545061, 0]",,hammer,,,,,c3b014f2a7562270674a5152698213e711,"-6.9545061,39.1779159",SANKU
uuid:007-0d59-443b-94d1-80f14bd3dd34,2021-08-13T17:19:54.732+03:36,2021-08-13T17:31:01.108+03:36,,1,1,yes,,Dar_es_Salaam,Ilala_Municipal_Council,"[39.1919142, -6.910159, 0]",,hammer,,,,,c3b014f2a7562270674a5152698213e712,"-6.910159,39.1919142",SANKU
uuid:007-0d59-443b-94d1-80f14bd3dd35,2021-08-13T17:19:54.732+03:37,2021-08-13T17:31:01.108+03:37,,1,1,yes,,Dar_es_Salaam,Ilala_Municipal_Council,"[39.14189167, -6.872008333, 0]",,hammer,,,,,c3b014f2a7562270674a5152698213e713,"-6.872008333,39.14189167",SANKU
uuid:007-0d59-443b-94d1-80f14bd3dd36,2021-08-13T17:19:54.732+03:38,2021-08-13T17:31:01.108+03:38,,1,1,yes,,Dar_es_Salaam,Ilala_Municipal_Council,"[39.2220066, -6.9056832, 0]",,hammer,,,,,c3b014f2a7562270674a5152698213e714,"-6.9056832,39.2220066",SANKU
uuid:007-0d59-443b-94d1-80f14bd3dd37,2021-08-13T17:19:54.732+03:39,2021-08-13T17:31:01.108+03:39,,1,1,yes,,Dar_es_Salaam,Ilala_Municipal_Council,"[39.2187292, -6.8195518, 0]",,hammer,,,,,c3b014f2a7562270674a5152698213e715,"-6.8195518,39.2187292",SANKU
uuid:007-0d59-443b-94d1-80f14bd3dd38,2021-08-13T17:19:54.732+03:40,2021-08-13T17:31:01.108+03:40,,1,1,yes,,Dar_es_Salaam,Ilala_Municipal_Council,"[39.2269059, -6.8241069, 0]",,hammer,,,,,c3b014f2a7562270674a5152698213e716,"-6.8241069,39.2269059",SANKU
uuid:007-0d59-443b-94d1-80f14bd3dd39,2021-08-13T17:19:54.732+03:41,2021-08-13T17:31:01.108+03:41,,1,1,yes,,Dar_es_Salaam,Ilala_Municipal_Council,"[39.0644543, -7.0189556, 0]",,hammer,,,,,c3b014f2a7562270674a5152698213e717,"-7.0189556,39.0644543",SANKU
uuid:007-0d59-443b-94d1-80f14bd3dd40,2021-08-13T17:19:54.732+03:42,2021-08-13T17:31:01.108+03:42,,1,1,yes,,Dar_es_Salaam,Ilala_Municipal_Council,"[39.1707191, -6.9198969, 0]",,hammer,,,,,c3b014f2a7562270674a5152698213e718,"-6.9198969,39.1707191",SANKU
uuid:007-0d59-443b-94d1-80f14bd3dd41,2021-08-13T17:19:54.732+03:43,2021-08-13T17:31:01.108+03:43,,1,1,yes,,Dar_es_Salaam,Kigamboni_Municipal_Council,"[39.3106001, -6.8606931, 0]",,hammer,,,,,c3b014f2a7562270674a5152698213e719,"-6.8606931,39.3106001",SANKU
uuid:007-0d59-443b-94d1-80f14bd3dd42,2021-08-13T17:19:54.732+03:44,2021-08-13T17:31:01.108+03:44,,1,1,yes,,Dar_es_Salaam,Kigamboni_Municipal_Council,"[39.2094007, -6.7149992, 0]",,hammer,,,,,c3b014f2a7562270674a5152698213e720,"-6.7149992,39.2094007",SANKU
uuid:007-0d59-443b-94d1-80f14bd3dd43,2021-08-13T17:19:54.732+03:45,2021-08-13T17:31:01.108+03:45,,1,1,yes,,Dar_es_Salaam,Kigamboni_Municipal_Council,"[39.2066195, -6.670725, 0]",,hammer,,,,,c3b014f2a7562270674a5152698213e721,"-6.670725,39.2066195",SANKU
uuid:007-0d59-443b-94d1-80f14bd3dd44,2021-08-13T17:19:54.732+03:46,2021-08-13T17:31:01.108+03:46,,1,1,yes,,Dar_es_Salaam,Kigamboni_Municipal_Council,"[39.174799, -6.6698025, 0]",,hammer,,,,,c3b014f2a7562270674a5152698213e722,"-6.6698025,39.174799",SANKU
uuid:007-0d59-443b-94d1-80f14bd3dd45,2021-08-13T17:19:54.732+03:47,2021-08-13T17:31:01.108+03:47,,1,1,yes,,Dar_es_Salaam,Kigamboni_Municipal_Council,"[39.235825, -6.79608, 0]",,hammer,,,,,c3b014f2a7562270674a5152698213e723,"-6.79608,39.235825",SANKU
uuid:007-0d59-443b-94d1-80f14bd3dd46,2021-08-13T17:19:54.732+03:48,2021-08-13T17:31:01.108+03:48,,1,1,yes,,Dar_es_Salaam,Kigamboni_Municipal_Council,"[39.17414, -6.63432, 0]",,hammer,,,,,c3b014f2a7562270674a5152698213e724,"-6.63432,39.17414",SANKU
uuid:007-0d59-443b-94d1-80f14bd3dd47,2021-08-13T17:19:54.732+03:49,2021-08-13T17:31:01.108+03:49,,1,1,yes,,Dar_es_Salaam,Kigamboni_Municipal_Council,"[39.2385692, -6.7965257, 0]",,hammer,,,,,c3b014f2a7562270674a5152698213e725,"-6.7965257,39.2385692",SANKU
uuid:007-0d59-443b-94d1-80f14bd3dd48,2021-08-13T17:19:54.732+03:50,2021-08-13T17:31:01.108+03:50,,1,1,yes,,Dar_es_Salaam,Kigamboni_Municipal_Council,"[39.1955339, -6.6883882, 0]",,hammer,,,,,c3b014f2a7562270674a5152698213e726,"-6.6883882,39.1955339",SANKU
uuid:007-0d59-443b-94d1-80f14bd3dd49,2021-08-13T17:19:54.732+03:51,2021-08-13T17:31:01.108+03:51,,1,1,yes,,Dar_es_Salaam,Kigamboni_Municipal_Council,"[39.21928517, -6.767852094, 0]",,hammer,,,,,c3b014f2a7562270674a5152698213e727,"-6.767852094,39.21928517",SANKU
uuid:007-0d59-443b-94d1-80f14bd3dd50,2021-08-13T17:19:54.732+03:52,2021-08-13T17:31:01.108+03:52,,1,1,yes,,Dar_es_Salaam,Kigamboni_Municipal_Council,"[39.23582, -6.796758333, 0]",,hammer,,,,,c3b014f2a7562270674a5152698213e728,"-6.796758333,39.23582",SANKU
uuid:007-0d59-443b-94d1-80f14bd3dd51,2021-08-13T17:19:54.732+03:53,2021-08-13T17:31:01.108+03:53,,1,1,yes,,Dar_es_Salaam,Kigamboni_Municipal_Council,"[39.23568621, -6.796129462, 0]",,hammer,,,,,c3b014f2a7562270674a5152698213e729,"-6.796129462,39.23568621",SANKU
uuid:007-0d59-443b-94d1-80f14bd3dd52,2021-08-13T17:19:54.732+03:54,2021-08-13T17:31:01.108+03:54,,1,1,yes,,Dar_es_Salaam,Kigamboni_Municipal_Council,"[39.21680709, -6.705125352, 0]",,hammer,,,,,c3b014f2a7562270674a5152698213e730,"-6.705125352,39.21680709",SANKU
uuid:007-0d59-443b-94d1-80f14bd3dd53,2021-08-13T17:19:54.732+03:55,2021-08-13T17:31:01.108+03:55,,1,1,yes,,Dar_es_Salaam,Kigamboni_Municipal_Council,"[39.2390056, -6.7962526, 0]",,hammer,,,,,c3b014f2a7562270674a5152698213e731,"-6.7962526,39.2390056",SANKU
uuid:007-0d59-443b-94d1-80f14bd3dd54,2021-08-13T17:19:54.732+03:56,2021-08-13T17:31:01.108+03:56,,1,1,yes,,Dar_es_Salaam,Kigamboni_Municipal_Council,"[39.2373883, -6.7966463, 0]",,hammer,,,,,c3b014f2a7562270674a5152698213e732,"-6.7966463,39.2373883",SANKU
uuid:007-0d59-443b-94d1-80f14bd3dd55,2021-08-13T17:19:54.732+03:57,2021-08-13T17:31:01.108+03:57,,1,1,yes,,Dar_es_Salaam,Kigamboni_Municipal_Council,"[39.1002585, -6.6185993, 0]",,hammer,,,,,c3b014f2a7562270674a5152698213e733,"-6.6185993,39.1002585",SANKU
uuid:007-0d59-443b-94d1-80f14bd3dd56,2021-08-13T17:19:54.732+03:58,2021-08-13T17:31:01.108+03:58,,1,1,yes,,Dar_es_Salaam,Kigamboni_Municipal_Council,"[39.2072525, -6.6993062, 0]",,hammer,,,,,c3b014f2a7562270674a5152698213e734,"-6.6993062,39.2072525",SANKU
uuid:007-0d59-443b-94d1-80f14bd3dd57,2021-08-13T17:19:54.732+03:59,2021-08-13T17:31:01.108+03:59,,1,1,yes,,Dar_es_Salaam,Kigamboni_Municipal_Council,"[39.15089167, -6.69622, 0]",,hammer,,,,,c3b014f2a7562270674a5152698213e735,"-6.69622,39.15089167",SANKU
uuid:007-0d59-443b-94d1-80f14bd3dd58,2021-08-13T17:19:54.732+03:60,2021-08-13T17:31:01.108+03:60,,1,1,yes,,Dar_es_Salaam,Temeke_Municipal_Council,"[39.2631528, -6.9183161, 0]",,hammer,,,,,c3b014f2a7562270674a5152698213e736,"-6.9183161,39.2631528",SANKU
uuid:007-0d59-443b-94d1-80f14bd3dd59,2021-08-13T17:19:54.732+03:61,2021-08-13T17:31:01.108+03:61,,1,1,yes,,Dar_es_Salaam,Temeke_Municipal_Council,"[39.2988443, -6.8934384, 0]",,hammer,,,,,c3b014f2a7562270674a5152698213e737,"-6.8934384,39.2988443",SANKU
uuid:007-0d59-443b-94d1-80f14bd3dd60,2021-08-13T17:19:54.732+03:62,2021-08-13T17:31:01.108+03:62,,1,1,yes,,Dar_es_Salaam,Temeke_Municipal_Council,"[39.2104601, -6.9785199, 0]",,hammer,,,,,c3b014f2a7562270674a5152698213e738,"-6.9785199,39.2104601",SANKU
uuid:007-0d59-443b-94d1-80f14bd3dd61,2021-08-13T17:19:54.732+03:63,2021-08-13T17:31:01.108+03:63,,1,1,yes,,Dar_es_Salaam,Temeke_Municipal_Council,"[39.2187403, -6.8957147, 0]",,hammer,,,,,c3b014f2a7562270674a5152698213e739,"-6.8957147,39.2187403",SANKU
uuid:007-0d59-443b-94d1-80f14bd3dd62,2021-08-13T17:19:54.732+03:64,2021-08-13T17:31:01.108+03:64,,1,1,yes,,Dar_es_Salaam,Temeke_Municipal_Council,"[39.264208, -6.9145217, 0]",,hammer,,,,,c3b014f2a7562270674a5152698213e740,"-6.9145217,39.264208",SANKU
uuid:007-0d59-443b-94d1-80f14bd3dd63,2021-08-13T17:19:54.732+03:65,2021-08-13T17:31:01.108+03:65,,1,1,yes,,Dar_es_Salaam,Ubungo_Municipal_Council,"[39.11778098, -6.836563329, 0]",,hammer,,,,,c3b014f2a7562270674a5152698213e741,"-6.836563329,39.11778098",SANKU
uuid:007-0d59-443b-94d1-80f14bd3dd64,2021-08-13T17:19:54.732+03:66,2021-08-13T17:31:01.108+03:66,,1,1,yes,,Dar_es_Salaam,Ubungo_Municipal_Council,"[39.16737, -6.790623333, 0]",,hammer,,,,,c3b014f2a7562270674a5152698213e742,"-6.790623333,39.16737",SANKU
uuid:007-0d59-443b-94d1-80f14bd3dd65,2021-08-13T17:19:54.732+03:67,2021-08-13T17:31:01.108+03:67,,1,1,yes,,Dar_es_Salaam,Ubungo_Municipal_Council,"[39.13645062, -6.787528466, 0]",,hammer,,,,,c3b014f2a7562270674a5152698213e743,"-6.787528466,39.13645062",SANKU
uuid:007-0d59-443b-94d1-80f14bd3dd66,2021-08-13T17:19:54.732+03:68,2021-08-13T17:31:01.108+03:68,,1,1,yes,,Dar_es_Salaam,Ubungo_Municipal_Council,"[39.2335765, -6.7951352, 0]",,hammer,,,,,c3b014f2a7562270674a5152698213e744,"-6.7951352,39.2335765",SANKU
uuid:007-0d59-443b-94d1-80f14bd3dd67,2021-08-13T17:19:54.732+03:69,2021-08-13T17:31:01.108+03:69,,1,1,yes,,Dar_es_Salaam,Ubungo_Municipal_Council,"[39.23476684, -6.7967723, 0]",,hammer,,,,,c3b014f2a7562270674a5152698213e745,"-6.7967723,39.23476684",SANKU
uuid:007-0d59-443b-94d1-80f14bd3dd68,2021-08-13T17:19:54.732+03:70,2021-08-13T17:31:01.108+03:70,,1,1,yes,,Dar_es_Salaam,Ubungo_Municipal_Council,"[39.2326608, -6.7979898, 0]",,hammer,,,,,c3b014f2a7562270674a5152698213e746,"-6.7979898,39.2326608",SANKU
uuid:007-0d59-443b-94d1-80f14bd3dd69,2021-08-13T17:19:54.732+03:71,2021-08-13T17:31:01.108+03:71,,1,1,yes,,Dar_es_Salaam,Ubungo_Municipal_Council,"[39.2338779, -6.8120611, 0]",,hammer,,,,,c3b014f2a7562270674a5152698213e747,"-6.8120611,39.2338779",SANKU
uuid:007-0d59-443b-94d1-80f14bd3dd70,2021-08-13T17:19:54.732+03:72,2021-08-13T17:31:01.108+03:72,,1,1,yes,,Dar_es_Salaam,Ubungo_Municipal_Council,"[39.09437333, -6.744426667, 0]",,hammer,,,,,c3b014f2a7562270674a5152698213e748,"-6.744426667,39.09437333",SANKU
uuid:007-0d59-443b-94d1-80f14bd3dd71,2021-08-13T17:19:54.732+03:73,2021-08-13T17:31:01.108+03:73,,1,1,yes,,Dar_es_Salaam,Ubungo_Municipal_Council,"[39.1247617, -6.8201686, 0]",,hammer,,,,,c3b014f2a7562270674a5152698213e749,"-6.8201686,39.1247617",SANKU
uuid:007-0d59-443b-94d1-80f14bd3dd72,2021-08-13T17:19:54.732+03:74,2021-08-13T17:31:01.108+03:74,,1,1,yes,,Dar_es_Salaam,Ubungo_Municipal_Council,"[39.089491, -6.7616887, 0]",,hammer,,,,,c3b014f2a7562270674a5152698213e750,"-6.7616887,39.089491",SANKU
uuid:007-0d59-443b-94d1-80f14bd3dd73,2021-08-13T17:19:54.732+03:75,2021-08-13T17:31:01.108+03:75,,1,1,yes,,Dar_es_Salaam,Ubungo_Municipal_Council,"[39.1577383, -6.7091611, 0]",,hammer,,,,,c3b014f2a7562270674a5152698213e751,"-6.7091611,39.1577383",SANKU
uuid:007-0d59-443b-94d1-80f14bd3dd74,2021-08-13T17:19:54.732+03:76,2021-08-13T17:31:01.108+03:76,,1,1,yes,,Dar_es_Salaam,Ubungo_Municipal_Council,"[39.23309833, -6.796655, 0]",,hammer,,,,,c3b014f2a7562270674a5152698213e752,"-6.796655,39.23309833",SANKU
uuid:007-0d59-443b-94d1-80f14bd3dd75,2021-08-13T17:19:54.732+03:77,2021-08-13T17:31:01.108+03:77,,1,1,yes,,Dar_es_Salaam,Ubungo_Municipal_Council,"[39.2339719, -6.7972341, 0]",,hammer,,,,,c3b014f2a7562270674a5152698213e753,"-6.7972341,39.2339719",SANKU
uuid:007-0d59-443b-94d1-80f14bd3dd76,2021-08-13T17:19:54.732+03:78,2021-08-13T17:31:01.108+03:78,,1,1,yes,,Dar_es_Salaam,Ubungo_Municipal_Council,"[39.1475, -6.768926667, 0]",,hammer,,,,,c3b014f2a7562270674a5152698213e754,"-6.768926667,39.1475",SANKU
uuid:007-0d59-443b-94d1-80f14bd3dd77,2021-08-13T17:19:54.732+03:79,2021-08-13T17:31:01.108+03:79,,1,1,yes,,Dar_es_Salaam,Ubungo_Municipal_Council,"[39.23413333, -6.797041667, 0]",,hammer,,,,,c3b014f2a7562270674a5152698213e755,"-6.797041667,39.23413333",SANKU
uuid:007-0d59-443b-94d1-80f14bd3dd78,2021-08-13T17:19:54.732+03:80,2021-08-13T17:31:01.108+03:80,,1,1,yes,,Dar_es_Salaam,Ubungo_Municipal_Council,"[39.23458057, -6.797163896, 0]",,hammer,,,,,c3b014f2a7562270674a5152698213e756,"-6.797163896,39.23458057",SANKU
uuid:007-0d59-443b-94d1-80f14bd3dd79,2021-08-13T17:19:54.732+03:81,2021-08-13T17:31:01.108+03:81,,1,1,yes,,Dar_es_Salaam,Ubungo_Municipal_Council,"[39.23240167, -6.79769, 0]",,hammer,,,,,c3b014f2a7562270674a5152698213e757,"-6.79769,39.23240167",SANKU
uuid:007-0d59-443b-94d1-80f14bd3dd80,2021-08-13T17:19:54.732+03:82,2021-08-13T17:31:01.108+03:82,,1,1,yes,,Dar_es_Salaam,Ubungo_Municipal_Council,"[39.23507636, -6.79643267, 0]",,hammer,,,,,c3b014f2a7562270674a5152698213e758,"-6.79643267,39.23507636",SANKU
uuid:007-0d59-443b-94d1-80f14bd3dd81,2021-08-13T17:19:54.732+03:83,2021-08-13T17:31:01.108+03:83,,1,1,yes,,Dar_es_Salaam,Ubungo_Municipal_Council,"[39.23464667, -6.796178333, 0]",,hammer,,,,,c3b014f2a7562270674a5152698213e759,"-6.796178333,39.23464667",SANKU
uuid:007-0d59-443b-94d1-80f14bd3dd82,2021-08-13T17:19:54.732+03:84,2021-08-13T17:31:01.108+03:84,,1,1,yes,,Dar_es_Salaam,Ubungo_Municipal_Council,"[39.23523328, -6.79598666, 0]",,hammer,,,,,c3b014f2a7562270674a5152698213e760,"-6.79598666,39.23523328",SANKU
uuid:007-0d59-443b-94d1-80f14bd3dd83,2021-08-13T17:19:54.732+03:85,2021-08-13T17:31:01.108+03:85,,1,1,yes,,Dar_es_Salaam,Ubungo_Municipal_Council,"[39.23341, -6.796176667, 0]",,hammer,,,,,c3b014f2a7562270674a5152698213e761,"-6.796176667,39.23341",SANKU
uuid:007-0d59-443b-94d1-80f14bd3dd84,2021-08-13T17:19:54.732+03:86,2021-08-13T17:31:01.108+03:86,,1,1,yes,,Dar_es_Salaam,Ubungo_Municipal_Council,"[39.2340663, -6.7970722, 0]",,hammer,,,,,c3b014f2a7562270674a5152698213e762,"-6.7970722,39.2340663",SANKU
uuid:007-0d59-443b-94d1-80f14bd3dd85,2021-08-13T17:19:54.732+03:87,2021-08-13T17:31:01.108+03:87,,1,1,yes,,Dar_es_Salaam,Ubungo_Municipal_Council,"[39.23316515, -6.797723163, 0]",,hammer,,,,,c3b014f2a7562270674a5152698213e763,"-6.797723163,39.23316515",SANKU
uuid:007-0d59-443b-94d1-80f14bd3dd86,2021-08-13T17:19:54.732+03:88,2021-08-13T17:31:01.108+03:88,,1,1,yes,,Dar_es_Salaam,Ubungo_Municipal_Council,"[39.23329667, -6.795476667, 0]",,hammer,,,,,c3b014f2a7562270674a5152698213e764,"-6.795476667,39.23329667",SANKU
uuid:007-0d59-443b-94d1-80f14bd3dd87,2021-08-13T17:19:54.732+03:89,2021-08-13T17:31:01.108+03:89,,1,1,yes,,Dar_es_Salaam,Ubungo_Municipal_Council,"[39.2337349, -6.7943914, 0]",,hammer,,,,,c3b014f2a7562270674a5152698213e765,"-6.7943914,39.2337349",SANKU
uuid:007-0d59-443b-94d1-80f14bd3dd88,2021-08-13T17:19:54.732+03:90,2021-08-13T17:31:01.108+03:90,,1,1,yes,,Dar_es_Salaam,Ubungo_Municipal_Council,"[39.23394816, -6.796927288, 0]",,hammer,,,,,c3b014f2a7562270674a5152698213e766,"-6.796927288,39.23394816",SANKU
uuid:007-0d59-443b-94d1-80f14bd3dd89,2021-08-13T17:19:54.732+03:91,2021-08-13T17:31:01.108+03:91,,1,1,yes,,Dar_es_Salaam,Ubungo_Municipal_Council,"[39.1642735, -6.7155102, 0]",,hammer,,,,,c3b014f2a7562270674a5152698213e767,"-6.7155102,39.1642735",SANKU
uuid:007-0d59-443b-94d1-80f14bd3dd90,2021-08-13T17:19:54.732+03:92,2021-08-13T17:31:01.108+03:92,,1,1,yes,,Dodoma,Chamwino_District_Council,"[36.0294033, -6.1381099, 0]",,hammer,,,,,c3b014f2a7562270674a5152698213e768,"-6.1381099,36.0294033",SANKU
uuid:007-0d59-443b-94d1-80f14bd3dd91,2021-08-13T17:19:54.732+03:93,2021-08-13T17:31:01.108+03:93,,1,1,yes,,Dodoma,Dodoma_City_Council,"[35.7310485, -6.1929163, 0]",,hammer,,,,,c3b014f2a7562270674a5152698213e769,"-6.1929163,35.7310485",SANKU
uuid:007-0d59-443b-94d1-80f14bd3dd92,2021-08-13T17:19:54.732+03:94,2021-08-13T17:31:01.108+03:94,,1,1,yes,,Dodoma,Dodoma_City_Council,"[35.76651625, -6.171834776, 0]",,hammer,,,,,c3b014f2a7562270674a5152698213e770,"-6.171834776,35.76651625",SANKU
uuid:007-0d59-443b-94d1-80f14bd3dd93,2021-08-13T17:19:54.732+03:95,2021-08-13T17:31:01.108+03:95,,1,1,yes,,Dodoma,Dodoma_City_Council,"[35.70574996, -6.165797406, 0]",,hammer,,,,,c3b014f2a7562270674a5152698213e771,"-6.165797406,35.70574996",SANKU
uuid:007-0d59-443b-94d1-80f14bd3dd94,2021-08-13T17:19:54.732+03:96,2021-08-13T17:31:01.108+03:96,,1,1,yes,,Dodoma,Dodoma_City_Council,"[35.760419, -6.2266043, 0]",,hammer,,,,,c3b014f2a7562270674a5152698213e772,"-6.2266043,35.760419",SANKU
uuid:007-0d59-443b-94d1-80f14bd3dd95,2021-08-13T17:19:54.732+03:97,2021-08-13T17:31:01.108+03:97,,1,1,yes,,Dodoma,Dodoma_City_Council,"[35.8221887, -6.1270215, 0]",,hammer,,,,,c3b014f2a7562270674a5152698213e773,"-6.1270215,35.8221887",SANKU
uuid:007-0d59-443b-94d1-80f14bd3dd96,2021-08-13T17:19:54.732+03:98,2021-08-13T17:31:01.108+03:98,,1,1,yes,,Dodoma,Dodoma_City_Council,"[35.6998648, -6.171507, 0]",,hammer,,,,,c3b014f2a7562270674a5152698213e774,"-6.171507,35.6998648",SANKU
uuid:007-0d59-443b-94d1-80f14bd3dd97,2021-08-13T17:19:54.732+03:99,2021-08-13T17:31:01.108+03:99,,1,1,yes,,Dodoma,Dodoma_City_Council,"[35.70929049, -6.15107364, 0]",,hammer,,,,,c3b014f2a7562270674a5152698213e775,"-6.15107364,35.70929049",SANKU
uuid:007-0d59-443b-94d1-80f14bd3dd98,2021-08-13T17:19:54.732+03:100,2021-08-13T17:31:01.108+03:100,,1,1,yes,,Dodoma,Dodoma_City_Council,"[35.97171649, -5.94630747, 0]",,hammer,,,,,c3b014f2a7562270674a5152698213e776,"-5.94630747,35.97171649",SANKU
uuid:007-0d59-443b-94d1-80f14bd3dd99,2021-08-13T17:19:54.732+03:101,2021-08-13T17:31:01.108+03:101,,1,1,yes,,Dodoma,Dodoma_City_Council,"[35.6998144, -6.1715096, 0]",,hammer,,,,,c3b014f2a7562270674a5152698213e777,"-6.1715096,35.6998144",SANKU
uuid:007-0d59-443b-94d1-80f14bd3dd100,2021-08-13T17:19:54.732+03:102,2021-08-13T17:31:01.108+03:102,,1,1,yes,,Dodoma,Dodoma_City_Council,"[35.7677111, -6.1682738, 0]",,hammer,,,,,c3b014f2a7562270674a5152698213e778,"-6.1682738,35.7677111",SANKU
uuid:007-0d59-443b-94d1-80f14bd3dd101,2021-08-13T17:19:54.732+03:103,2021-08-13T17:31:01.108+03:103,,1,1,yes,,Dodoma,Dodoma_City_Council,"[35.83389544, -6.121297097, 0]",,hammer,,,,,c3b014f2a7562270674a5152698213e779,"-6.121297097,35.83389544",SANKU
uuid:007-0d59-443b-94d1-80f14bd3dd102,2021-08-13T17:19:54.732+03:104,2021-08-13T17:31:01.108+03:104,,1,1,yes,,Dodoma,Dodoma_City_Council,"[35.74005707, -6.176140548, 0]",,hammer,,,,,c3b014f2a7562270674a5152698213e780,"-6.176140548,35.74005707",SANKU
uuid:007-0d59-443b-94d1-80f14bd3dd103,2021-08-13T17:19:54.732+03:105,2021-08-13T17:31:01.108+03:105,,1,1,yes,,Dodoma,Dodoma_City_Council,"[35.71201472, -6.161027358, 0]",,hammer,,,,,c3b014f2a7562270674a5152698213e781,"-6.161027358,35.71201472",SANKU
uuid:007-0d59-443b-94d1-80f14bd3dd104,2021-08-13T17:19:54.732+03:106,2021-08-13T17:31:01.108+03:106,,1,1,yes,,Dodoma,Dodoma_City_Council,"[35.7455266, -6.135898, 0]",,hammer,,,,,c3b014f2a7562270674a5152698213e782,"-6.135898,35.7455266",SANKU
uuid:007-0d59-443b-94d1-80f14bd3dd105,2021-08-13T17:19:54.732+03:107,2021-08-13T17:31:01.108+03:107,,1,1,yes,,Dodoma,Dodoma_City_Council,"[35.8398427, -6.1618838, 0]",,hammer,,,,,c3b014f2a7562270674a5152698213e783,"-6.1618838,35.8398427",SANKU
uuid:007-0d59-443b-94d1-80f14bd3dd106,2021-08-13T17:19:54.732+03:108,2021-08-13T17:31:01.108+03:108,,1,1,yes,,Dodoma,Dodoma_City_Council,"[35.7437615, -6.2363663, 0]",,hammer,,,,,c3b014f2a7562270674a5152698213e784,"-6.2363663,35.7437615",SANKU
uuid:007-0d59-443b-94d1-80f14bd3dd107,2021-08-13T17:19:54.732+03:109,2021-08-13T17:31:01.108+03:109,,1,1,yes,,Dodoma,Dodoma_City_Council,"[35.8363909, -6.1398537, 0]",,hammer,,,,,c3b014f2a7562270674a5152698213e785,"-6.1398537,35.8363909",SANKU
uuid:007-0d59-443b-94d1-80f14bd3dd108,2021-08-13T17:19:54.732+03:110,2021-08-13T17:31:01.108+03:110,,1,1,yes,,Dodoma,Dodoma_City_Council,"[35.7090168, -6.1448013, 0]",,hammer,,,,,c3b014f2a7562270674a5152698213e786,"-6.1448013,35.7090168",SANKU
uuid:007-0d59-443b-94d1-80f14bd3dd109,2021-08-13T17:19:54.732+03:111,2021-08-13T17:31:01.108+03:111,,1,1,yes,,Dodoma,Dodoma_City_Council,"[35.7400153, -6.1545172, 0]",,hammer,,,,,c3b014f2a7562270674a5152698213e787,"-6.1545172,35.7400153",SANKU
uuid:007-0d59-443b-94d1-80f14bd3dd110,2021-08-13T17:19:54.732+03:112,2021-08-13T17:31:01.108+03:112,,1,1,yes,,Dodoma,Dodoma_City_Council,"[35.7479031, -6.1479077, 0]",,hammer,,,,,c3b014f2a7562270674a5152698213e788,"-6.1479077,35.7479031",SANKU
uuid:007-0d59-443b-94d1-80f14bd3dd111,2021-08-13T17:19:54.732+03:113,2021-08-13T17:31:01.108+03:113,,1,1,yes,,Dodoma,Dodoma_City_Council,"[35.73872528, -6.179127446, 0]",,hammer,,,,,c3b014f2a7562270674a5152698213e789,"-6.179127446,35.73872528",SANKU
uuid:007-0d59-443b-94d1-80f14bd3dd112,2021-08-13T17:19:54.732+03:114,2021-08-13T17:31:01.108+03:114,,1,1,yes,,Dodoma,Dodoma_City_Council,"[35.7398769, -6.1545092, 0]",,hammer,,,,,c3b014f2a7562270674a5152698213e790,"-6.1545092,35.7398769",SANKU
uuid:007-0d59-443b-94d1-80f14bd3dd113,2021-08-13T17:19:54.732+03:115,2021-08-13T17:31:01.108+03:115,,1,1,yes,,Dodoma,Dodoma_City_Council,"[35.69984833, -6.143256667, 0]",,hammer,,,,,c3b014f2a7562270674a5152698213e791,"-6.143256667,35.69984833",SANKU
uuid:007-0d59-443b-94d1-80f14bd3dd114,2021-08-13T17:19:54.732+03:116,2021-08-13T17:31:01.108+03:116,,1,1,yes,,Dodoma,Dodoma_City_Council,"[35.7122957, -6.1596343, 0]",,hammer,,,,,c3b014f2a7562270674a5152698213e792,"-6.1596343,35.7122957",SANKU
uuid:007-0d59-443b-94d1-80f14bd3dd115,2021-08-13T17:19:54.732+03:117,2021-08-13T17:31:01.108+03:117,,1,1,yes,,Dodoma,Dodoma_City_Council,"[35.730655, -6.157215, 0]",,hammer,,,,,c3b014f2a7562270674a5152698213e793,"-6.157215,35.730655",SANKU
uuid:007-0d59-443b-94d1-80f14bd3dd116,2021-08-13T17:19:54.732+03:118,2021-08-13T17:31:01.108+03:118,,1,1,yes,,Dodoma,Dodoma_City_Council,"[35.7463191, -6.1049402, 0]",,hammer,,,,,c3b014f2a7562270674a5152698213e794,"-6.1049402,35.7463191",SANKU
uuid:007-0d59-443b-94d1-80f14bd3dd117,2021-08-13T17:19:54.732+03:119,2021-08-13T17:31:01.108+03:119,,1,1,yes,,Dodoma,Dodoma_City_Council,"[35.70907167, -6.15733, 0]",,hammer,,,,,c3b014f2a7562270674a5152698213e795,"-6.15733,35.70907167",SANKU
uuid:007-0d59-443b-94d1-80f14bd3dd118,2021-08-13T17:19:54.732+03:120,2021-08-13T17:31:01.108+03:120,,1,1,yes,,Dodoma,Dodoma_City_Council,"[35.7292284, -6.2045745, 0]",,hammer,,,,,c3b014f2a7562270674a5152698213e796,"-6.2045745,35.7292284",SANKU
uuid:007-0d59-443b-94d1-80f14bd3dd119,2021-08-13T17:19:54.732+03:121,2021-08-13T17:31:01.108+03:121,,1,1,yes,,Dodoma,Dodoma_City_Council,"[35.7513776, -6.1975096, 0]",,hammer,,,,,c3b014f2a7562270674a5152698213e797,"-6.1975096,35.7513776",SANKU
uuid:007-0d59-443b-94d1-80f14bd3dd120,2021-08-13T17:19:54.732+03:122,2021-08-13T17:31:01.108+03:122,,1,1,yes,,Dodoma,Dodoma_City_Council,"[35.751625, -6.192366667, 0]",,hammer,,,,,c3b014f2a7562270674a5152698213e798,"-6.192366667,35.751625",SANKU
uuid:007-0d59-443b-94d1-80f14bd3dd121,2021-08-13T17:19:54.732+03:123,2021-08-13T17:31:01.108+03:123,,1,1,yes,,Dodoma,Kondoa_Town_Council,"[35.78084227, -4.898255006, 0]",,hammer,,,,,c3b014f2a7562270674a5152698213e799,"-4.898255006,35.78084227",SANKU
uuid:007-0d59-443b-94d1-80f14bd3dd122,2021-08-13T17:19:54.732+03:124,2021-08-13T17:31:01.108+03:124,,1,1,yes,,Dodoma,Kongwa_District_Council,"[36.41993, -6.196783333, 0]",,hammer,,,,,c3b014f2a7562270674a5152698213e800,"-6.196783333,36.41993",SANKU
uuid:007-0d59-443b-94d1-80f14bd3dd123,2021-08-13T17:19:54.732+03:125,2021-08-13T17:31:01.108+03:125,,1,1,yes,,Dodoma,Kongwa_District_Council,"[36.6439907, -6.077379101, 0]",,hammer,,,,,c3b014f2a7562270674a5152698213e801,"-6.077379101,36.6439907",SANKU
uuid:007-0d59-443b-94d1-80f14bd3dd124,2021-08-13T17:19:54.732+03:126,2021-08-13T17:31:01.108+03:126,,1,1,yes,,Dodoma,Kongwa_District_Council,"[36.641746, -6.0713769, 0]",,hammer,,,,,c3b014f2a7562270674a5152698213e802,"-6.0713769,36.641746",SANKU
uuid:007-0d59-443b-94d1-80f14bd3dd125,2021-08-13T17:19:54.732+03:127,2021-08-13T17:31:01.108+03:127,,1,1,yes,,Iringa,Iringa_District_Council,"[35.6575547, -7.7381701, 0]",,hammer,,,,,c3b014f2a7562270674a5152698213e803,"-7.7381701,35.6575547",SANKU
uuid:007-0d59-443b-94d1-80f14bd3dd126,2021-08-13T17:19:54.732+03:128,2021-08-13T17:31:01.108+03:128,,1,1,yes,,Iringa,Iringa_District_Council,"[35.6894568, -7.79628102, 0]",,hammer,,,,,c3b014f2a7562270674a5152698213e804,"-7.79628102,35.6894568",SANKU
uuid:007-0d59-443b-94d1-80f14bd3dd127,2021-08-13T17:19:54.732+03:129,2021-08-13T17:31:01.108+03:129,,1,1,yes,,Iringa,Iringa_District_Council,"[35.68957298, -7.795791593, 0]",,hammer,,,,,c3b014f2a7562270674a5152698213e805,"-7.795791593,35.68957298",SANKU
uuid:007-0d59-443b-94d1-80f14bd3dd128,2021-08-13T17:19:54.732+03:130,2021-08-13T17:31:01.108+03:130,,1,1,yes,,Iringa,Iringa_District_Council,"[35.70275797, -7.790185777, 0]",,hammer,,,,,c3b014f2a7562270674a5152698213e806,"-7.790185777,35.70275797",SANKU
uuid:007-0d59-443b-94d1-80f14bd3dd129,2021-08-13T17:19:54.732+03:131,2021-08-13T17:31:01.108+03:131,,1,1,yes,,Iringa,Iringa_District_Council,"[35.68888097, -7.795807477, 0]",,hammer,,,,,c3b014f2a7562270674a5152698213e807,"-7.795807477,35.68888097",SANKU
uuid:007-0d59-443b-94d1-80f14bd3dd130,2021-08-13T17:19:54.732+03:132,2021-08-13T17:31:01.108+03:132,,1,1,yes,,Iringa,Iringa_District_Council,"[35.7087382, -7.757689725, 0]",,hammer,,,,,c3b014f2a7562270674a5152698213e808,"-7.757689725,35.7087382",SANKU
uuid:007-0d59-443b-94d1-80f14bd3dd131,2021-08-13T17:19:54.732+03:133,2021-08-13T17:31:01.108+03:133,,1,1,yes,,Iringa,Iringa_District_Council,"[35.69996604, -7.791570844, 0]",,hammer,,,,,c3b014f2a7562270674a5152698213e809,"-7.791570844,35.69996604",SANKU
uuid:007-0d59-443b-94d1-80f14bd3dd132,2021-08-13T17:19:54.732+03:134,2021-08-13T17:31:01.108+03:134,,1,1,yes,,Iringa,Iringa_District_Council,"[35.7076007, -7.7542426, 0]",,hammer,,,,,c3b014f2a7562270674a5152698213e810,"-7.7542426,35.7076007",SANKU
uuid:007-0d59-443b-94d1-80f14bd3dd133,2021-08-13T17:19:54.732+03:135,2021-08-13T17:31:01.108+03:135,,1,1,yes,,Iringa,Iringa_District_Council,"[35.68906353, -7.795702745, 0]",,hammer,,,,,c3b014f2a7562270674a5152698213e811,"-7.795702745,35.68906353",SANKU
uuid:007-0d59-443b-94d1-80f14bd3dd134,2021-08-13T17:19:54.732+03:136,2021-08-13T17:31:01.108+03:136,,1,1,yes,,Iringa,Iringa_District_Council,"[35.68555369, -7.780464152, 0]",,hammer,,,,,c3b014f2a7562270674a5152698213e812,"-7.780464152,35.68555369",SANKU
uuid:007-0d59-443b-94d1-80f14bd3dd135,2021-08-13T17:19:54.732+03:137,2021-08-13T17:31:01.108+03:137,,1,1,yes,,Iringa,Iringa_District_Council,"[35.66699138, -7.783164801, 0]",,hammer,,,,,c3b014f2a7562270674a5152698213e813,"-7.783164801,35.66699138",SANKU
uuid:007-0d59-443b-94d1-80f14bd3dd136,2021-08-13T17:19:54.732+03:138,2021-08-13T17:31:01.108+03:138,,1,1,yes,,Iringa,Iringa_District_Council,"[35.66180382, -7.784632178, 0]",,hammer,,,,,c3b014f2a7562270674a5152698213e814,"-7.784632178,35.66180382",SANKU
uuid:007-0d59-443b-94d1-80f14bd3dd137,2021-08-13T17:19:54.732+03:139,2021-08-13T17:31:01.108+03:139,,1,1,yes,,Iringa,Iringa_District_Council,"[35.7015451, -7.791131255, 0]",,hammer,,,,,c3b014f2a7562270674a5152698213e815,"-7.791131255,35.7015451",SANKU
uuid:007-0d59-443b-94d1-80f14bd3dd138,2021-08-13T17:19:54.732+03:140,2021-08-13T17:31:01.108+03:140,,1,1,yes,,Iringa,Iringa_District_Council,"[35.70295477, -7.791380198, 0]",,hammer,,,,,c3b014f2a7562270674a5152698213e816,"-7.791380198,35.70295477",SANKU
uuid:007-0d59-443b-94d1-80f14bd3dd139,2021-08-13T17:19:54.732+03:141,2021-08-13T17:31:01.108+03:141,,1,1,yes,,Iringa,Iringa_District_Council,"[35.68190002, -7.783360309, 0]",,hammer,,,,,c3b014f2a7562270674a5152698213e817,"-7.783360309,35.68190002",SANKU
uuid:007-0d59-443b-94d1-80f14bd3dd140,2021-08-13T17:19:54.732+03:142,2021-08-13T17:31:01.108+03:142,,1,1,yes,,Iringa,Iringa_District_Council,"[35.70051329, -7.774739899, 0]",,hammer,,,,,c3b014f2a7562270674a5152698213e818,"-7.774739899,35.70051329",SANKU
uuid:007-0d59-443b-94d1-80f14bd3dd141,2021-08-13T17:19:54.732+03:143,2021-08-13T17:31:01.108+03:143,,1,1,yes,,Iringa,Iringa_District_Council,"[35.70528838, -7.792978375, 0]",,hammer,,,,,c3b014f2a7562270674a5152698213e819,"-7.792978375,35.70528838",SANKU
uuid:007-0d59-443b-94d1-80f14bd3dd142,2021-08-13T17:19:54.732+03:144,2021-08-13T17:31:01.108+03:144,,1,1,yes,,Iringa,Kilolo_District_Council,"[35.83794608, -7.980951397, 0]",,hammer,,,,,c3b014f2a7562270674a5152698213e820,"-7.980951397,35.83794608",SANKU
uuid:007-0d59-443b-94d1-80f14bd3dd143,2021-08-13T17:19:54.732+03:145,2021-08-13T17:31:01.108+03:145,,1,1,yes,,Iringa,Kilolo_District_Council,"[36.0393657, -7.6789139, 0]",,hammer,,,,,c3b014f2a7562270674a5152698213e821,"-7.6789139,36.0393657",SANKU
uuid:007-0d59-443b-94d1-80f14bd3dd144,2021-08-13T17:19:54.732+03:146,2021-08-13T17:31:01.108+03:146,,1,1,yes,,Iringa,Mafinga_Town_Council,"[35.3707472, -8.2182961, 0]",,hammer,,,,,c3b014f2a7562270674a5152698213e822,"-8.2182961,35.3707472",SANKU
uuid:007-0d59-443b-94d1-80f14bd3dd145,2021-08-13T17:19:54.732+03:147,2021-08-13T17:31:01.108+03:147,,1,1,yes,,Iringa,Mafinga_Town_Council,"[35.27523556, -8.262503673, 0]",,hammer,,,,,c3b014f2a7562270674a5152698213e823,"-8.262503673,35.27523556",SANKU
uuid:007-0d59-443b-94d1-80f14bd3dd146,2021-08-13T17:19:54.732+03:148,2021-08-13T17:31:01.108+03:148,,1,1,yes,,Kagera,Bukoba_Municipal_Council,"[31.7464393, -1.4715537, 0]",,hammer,,,,,c3b014f2a7562270674a5152698213e824,"-1.4715537,31.7464393",SANKU
uuid:007-0d59-443b-94d1-80f14bd3dd147,2021-08-13T17:19:54.732+03:149,2021-08-13T17:31:01.108+03:149,,1,1,yes,,Kagera,Bukoba_Municipal_Council,"[31.73894408, -1.465057892, 0]",,hammer,,,,,c3b014f2a7562270674a5152698213e825,"-1.465057892,31.73894408",SANKU
uuid:007-0d59-443b-94d1-80f14bd3dd148,2021-08-13T17:19:54.732+03:150,2021-08-13T17:31:01.108+03:150,,1,1,yes,,Kagera,Bukoba_District_Council,"[31.81080655, -1.325582501, 0]",,hammer,,,,,c3b014f2a7562270674a5152698213e826,"-1.325582501,31.81080655",SANKU
uuid:007-0d59-443b-94d1-80f14bd3dd149,2021-08-13T17:19:54.732+03:151,2021-08-13T17:31:01.108+03:151,,1,1,yes,,Kagera,Bukoba_District_Council,"[31.81058167, -1.324916667, 0]",,hammer,,,,,c3b014f2a7562270674a5152698213e827,"-1.324916667,31.81058167",SANKU
uuid:007-0d59-443b-94d1-80f14bd3dd150,2021-08-13T17:19:54.732+03:152,2021-08-13T17:31:01.108+03:152,,1,1,yes,,Kagera,Bukoba_District_Council,"[31.8105559, -1.325679, 0]",,hammer,,,,,c3b014f2a7562270674a5152698213e828,"-1.325679,31.8105559",SANKU
uuid:007-0d59-443b-94d1-80f14bd3dd151,2021-08-13T17:19:54.732+03:153,2021-08-13T17:31:01.108+03:153,,1,1,yes,,Kagera,Bukoba_District_Council,"[31.8132779, -1.3249214, 0]",,hammer,,,,,c3b014f2a7562270674a5152698213e829,"-1.3249214,31.8132779",SANKU
uuid:007-0d59-443b-94d1-80f14bd3dd152,2021-08-13T17:19:54.732+03:154,2021-08-13T17:31:01.108+03:154,,1,1,yes,,Kagera,Bukoba_District_Council,"[31.8106995, -1.3258996, 0]",,hammer,,,,,c3b014f2a7562270674a5152698213e830,"-1.3258996,31.8106995",SANKU
uuid:007-0d59-443b-94d1-80f14bd3dd153,2021-08-13T17:19:54.732+03:155,2021-08-13T17:31:01.108+03:155,,1,1,yes,,Kagera,Bukoba_District_Council,"[31.81044715, -1.325781664, 0]",,hammer,,,,,c3b014f2a7562270674a5152698213e831,"-1.325781664,31.81044715",SANKU
uuid:007-0d59-443b-94d1-80f14bd3dd154,2021-08-13T17:19:54.732+03:156,2021-08-13T17:31:01.108+03:156,,1,1,yes,,Kagera,Bukoba_District_Council,"[31.8105786, -1.3281728, 0]",,hammer,,,,,c3b014f2a7562270674a5152698213e832,"-1.3281728,31.8105786",SANKU
uuid:007-0d59-443b-94d1-80f14bd3dd155,2021-08-13T17:19:54.732+03:157,2021-08-13T17:31:01.108+03:157,,1,1,yes,,Kagera,Bukoba_District_Council,"[31.81110353, -1.324978041, 0]",,hammer,,,,,c3b014f2a7562270674a5152698213e833,"-1.324978041,31.81110353",SANKU
uuid:007-0d59-443b-94d1-80f14bd3dd156,2021-08-13T17:19:54.732+03:158,2021-08-13T17:31:01.108+03:158,,1,1,yes,,Kagera,Bukoba_District_Council,"[31.7736043, -1.3074768, 0]",,hammer,,,,,c3b014f2a7562270674a5152698213e834,"-1.3074768,31.7736043",SANKU
uuid:007-0d59-443b-94d1-80f14bd3dd157,2021-08-13T17:19:54.732+03:159,2021-08-13T17:31:01.108+03:159,,1,1,yes,,Kagera,Bukoba_District_Council,"[31.810501, -1.3256269, 0]",,hammer,,,,,c3b014f2a7562270674a5152698213e835,"-1.3256269,31.810501",SANKU
uuid:007-0d59-443b-94d1-80f14bd3dd158,2021-08-13T17:19:54.732+03:160,2021-08-13T17:31:01.108+03:160,,1,1,yes,,Kagera,Bukoba_District_Council,"[31.8108061, -1.3247534, 0]",,hammer,,,,,c3b014f2a7562270674a5152698213e836,"-1.3247534,31.8108061",SANKU
uuid:007-0d59-443b-94d1-80f14bd3dd159,2021-08-13T17:19:54.732+03:161,2021-08-13T17:31:01.108+03:161,,1,1,yes,,Kagera,Kyerwa_District_Council,"[30.7624821, -1.385845, 0]",,hammer,,,,,c3b014f2a7562270674a5152698213e837,"-1.385845,30.7624821",SANKU
uuid:007-0d59-443b-94d1-80f14bd3dd160,2021-08-13T17:19:54.732+03:162,2021-08-13T17:31:01.108+03:162,,1,1,yes,,Kagera,Muleba_District_Council,"[31.6492213, -1.8777789, 0]",,hammer,,,,,c3b014f2a7562270674a5152698213e838,"-1.8777789,31.6492213",SANKU
uuid:007-0d59-443b-94d1-80f14bd3dd161,2021-08-13T17:19:54.732+03:163,2021-08-13T17:31:01.108+03:163,,1,1,yes,,Kagera,Muleba_District_Council,"[31.4812271, -2.2364272, 0]",,hammer,,,,,c3b014f2a7562270674a5152698213e839,"-2.2364272,31.4812271",SANKU
uuid:007-0d59-443b-94d1-80f14bd3dd162,2021-08-13T17:19:54.732+03:164,2021-08-13T17:31:01.108+03:164,,1,1,yes,,Kagera,Muleba_District_Council,"[31.7157797, -1.6206122, 0]",,hammer,,,,,c3b014f2a7562270674a5152698213e840,"-1.6206122,31.7157797",SANKU
uuid:007-0d59-443b-94d1-80f14bd3dd163,2021-08-13T17:19:54.732+03:165,2021-08-13T17:31:01.108+03:165,,1,1,yes,,Kagera,Muleba_District_Council,"[31.5531974, -1.8033116, 0]",,hammer,,,,,c3b014f2a7562270674a5152698213e841,"-1.8033116,31.5531974",SANKU
uuid:007-0d59-443b-94d1-80f14bd3dd164,2021-08-13T17:19:54.732+03:166,2021-08-13T17:31:01.108+03:166,,1,1,yes,,Kagera,Muleba_District_Council,"[31.7215338, -1.6032679, 0]",,hammer,,,,,c3b014f2a7562270674a5152698213e842,"-1.6032679,31.7215338",SANKU
uuid:007-0d59-443b-94d1-80f14bd3dd165,2021-08-13T17:19:54.732+03:167,2021-08-13T17:31:01.108+03:167,,1,1,yes,,Kagera,Muleba_District_Council,"[31.65001367, -1.855278831, 0]",,hammer,,,,,c3b014f2a7562270674a5152698213e843,"-1.855278831,31.65001367",SANKU
uuid:007-0d59-443b-94d1-80f14bd3dd166,2021-08-13T17:19:54.732+03:168,2021-08-13T17:31:01.108+03:168,,1,1,yes,,Kagera,Muleba_District_Council,"[31.6497978, -1.8531713, 0]",,hammer,,,,,c3b014f2a7562270674a5152698213e844,"-1.8531713,31.6497978",SANKU
uuid:007-0d59-443b-94d1-80f14bd3dd167,2021-08-13T17:19:54.732+03:169,2021-08-13T17:31:01.108+03:169,,1,1,yes,,Kagera,Ngara_District_Council,"[30.7629083, -2.5291317, 0]",,hammer,,,,,c3b014f2a7562270674a5152698213e845,"-2.5291317,30.7629083",SANKU
uuid:007-0d59-443b-94d1-80f14bd3dd168,2021-08-13T17:19:54.732+03:170,2021-08-13T17:31:01.108+03:170,,1,1,yes,,Katavi,Mpanda_District_Council,"[31.05687024, -6.35725962, 0]",,hammer,,,,,c3b014f2a7562270674a5152698213e846,"-6.35725962,31.05687024",SANKU
uuid:007-0d59-443b-94d1-80f14bd3dd169,2021-08-13T17:19:54.732+03:171,2021-08-13T17:31:01.108+03:171,,1,1,yes,,Kigoma,Kakonko_District_Council,"[30.95192585, -3.290440115, 0]",,hammer,,,,,c3b014f2a7562270674a5152698213e847,"-3.290440115,30.95192585",SANKU
uuid:007-0d59-443b-94d1-80f14bd3dd170,2021-08-13T17:19:54.732+03:172,2021-08-13T17:31:01.108+03:172,,1,1,yes,,Kigoma,Kasulu Town_Council,"[30.12162745, -4.555097033, 0]",,hammer,,,,,c3b014f2a7562270674a5152698213e848,"-4.555097033,30.12162745",SANKU
uuid:007-0d59-443b-94d1-80f14bd3dd171,2021-08-13T17:19:54.732+03:173,2021-08-13T17:31:01.108+03:173,,1,1,yes,,Kigoma,Kibondo_District_Council,"[30.70934846, -3.569628386, 0]",,hammer,,,,,c3b014f2a7562270674a5152698213e849,"-3.569628386,30.70934846",SANKU
uuid:007-0d59-443b-94d1-80f14bd3dd172,2021-08-13T17:19:54.732+03:174,2021-08-13T17:31:01.108+03:174,,1,1,yes,,Kigoma,Kigoma_District_Council,"[29.6695377, -4.9037087, 0]",,hammer,,,,,c3b014f2a7562270674a5152698213e850,"-4.9037087,29.6695377",SANKU
uuid:007-0d59-443b-94d1-80f14bd3dd173,2021-08-13T17:19:54.732+03:175,2021-08-13T17:31:01.108+03:175,,1,1,yes,,Kigoma,Kigoma_District_Council,"[29.65448034, -4.897787983, 0]",,hammer,,,,,c3b014f2a7562270674a5152698213e851,"-4.897787983,29.65448034",SANKU
uuid:007-0d59-443b-94d1-80f14bd3dd174,2021-08-13T17:19:54.732+03:176,2021-08-13T17:31:01.108+03:176,,1,1,yes,,Kigoma,Kigoma_District_Council,"[29.64957948, -4.872701766, 0]",,hammer,,,,,c3b014f2a7562270674a5152698213e852,"-4.872701766,29.64957948",SANKU
uuid:007-0d59-443b-94d1-80f14bd3dd175,2021-08-13T17:19:54.732+03:177,2021-08-13T17:31:01.108+03:177,,1,1,yes,,Kilimanjaro,Hai_District_Council,"[37.1449131, -3.3384053, 0]",,hammer,,,,,c3b014f2a7562270674a5152698213e853,"-3.3384053,37.1449131",SANKU
uuid:007-0d59-443b-94d1-80f14bd3dd176,2021-08-13T17:19:54.732+03:178,2021-08-13T17:31:01.108+03:178,,1,1,yes,,Kilimanjaro,Moshi_Municipal_Council,"[37.52501146, -3.417906594, 0]",,hammer,,,,,c3b014f2a7562270674a5152698213e854,"-3.417906594,37.52501146",SANKU
uuid:007-0d59-443b-94d1-80f14bd3dd177,2021-08-13T17:19:54.732+03:179,2021-08-13T17:31:01.108+03:179,,1,1,yes,,Kilimanjaro,Moshi_District_Council,"[37.3380666, -3.3565041, 0]",,hammer,,,,,c3b014f2a7562270674a5152698213e855,"-3.3565041,37.3380666",SANKU
uuid:007-0d59-443b-94d1-80f14bd3dd178,2021-08-13T17:19:54.732+03:180,2021-08-13T17:31:01.108+03:180,,1,1,yes,,Kilimanjaro,Moshi_District_Council,"[37.31976363, -3.35256224, 0]",,hammer,,,,,c3b014f2a7562270674a5152698213e856,"-3.35256224,37.31976363",SANKU
uuid:007-0d59-443b-94d1-80f14bd3dd179,2021-08-13T17:19:54.732+03:181,2021-08-13T17:31:01.108+03:181,,1,1,yes,,Kilimanjaro,Moshi_District_Council,"[37.33504392, -3.361467384, 0]",,hammer,,,,,c3b014f2a7562270674a5152698213e857,"-3.361467384,37.33504392",SANKU
uuid:007-0d59-443b-94d1-80f14bd3dd180,2021-08-13T17:19:54.732+03:182,2021-08-13T17:31:01.108+03:182,,1,1,yes,,Kilimanjaro,Same_District_Council,"[37.75765847, -4.07775281, 0]",,hammer,,,,,c3b014f2a7562270674a5152698213e858,"-4.07775281,37.75765847",SANKU
uuid:007-0d59-443b-94d1-80f14bd3dd181,2021-08-13T17:19:54.732+03:183,2021-08-13T17:31:01.108+03:183,,1,1,yes,,Kilimanjaro,Same_District_Council,"[37.74444038, -4.069256117, 0]",,hammer,,,,,c3b014f2a7562270674a5152698213e859,"-4.069256117,37.74444038",SANKU
uuid:007-0d59-443b-94d1-80f14bd3dd182,2021-08-13T17:19:54.732+03:184,2021-08-13T17:31:01.108+03:184,,1,1,yes,,Lindi,Lindi_Municipal_Council,"[39.3633514, -10.3013585, 0]",,hammer,,,,,c3b014f2a7562270674a5152698213e860,"-10.3013585,39.3633514",SANKU
uuid:007-0d59-443b-94d1-80f14bd3dd183,2021-08-13T17:19:54.732+03:185,2021-08-13T17:31:01.108+03:185,,1,1,yes,,Manyara,Babati_District_Council,"[36.726615, -3.3866367, 0]",,hammer,,,,,c3b014f2a7562270674a5152698213e861,"-3.3866367,36.726615",SANKU
uuid:007-0d59-443b-94d1-80f14bd3dd184,2021-08-13T17:19:54.732+03:186,2021-08-13T17:31:01.108+03:186,,1,1,yes,,Manyara,Babati_Town_Council,"[35.7612717, -4.254282648, 0]",,hammer,,,,,c3b014f2a7562270674a5152698213e862,"-4.254282648,35.7612717",SANKU
uuid:007-0d59-443b-94d1-80f14bd3dd185,2021-08-13T17:19:54.732+03:187,2021-08-13T17:31:01.108+03:187,,1,1,yes,,Manyara,Babati_Town_Council,"[35.7354117, -4.2056117, 0]",,hammer,,,,,c3b014f2a7562270674a5152698213e863,"-4.2056117,35.7354117",SANKU
uuid:007-0d59-443b-94d1-80f14bd3dd186,2021-08-13T17:19:54.732+03:188,2021-08-13T17:31:01.108+03:188,,1,1,yes,,Manyara,Kiteto_District_Council,"[36.38935333, -5.479668333, 0]",,hammer,,,,,c3b014f2a7562270674a5152698213e864,"-5.479668333,36.38935333",SANKU
uuid:007-0d59-443b-94d1-80f14bd3dd187,2021-08-13T17:19:54.732+03:189,2021-08-13T17:31:01.108+03:189,,1,1,yes,,Manyara,Kiteto_District_Council,"[36.56391165, -5.313038507, 0]",,hammer,,,,,c3b014f2a7562270674a5152698213e865,"-5.313038507,36.56391165",SANKU
uuid:007-0d59-443b-94d1-80f14bd3dd188,2021-08-13T17:19:54.732+03:190,2021-08-13T17:31:01.108+03:190,,1,1,yes,,Mara,Musoma_District_Council,"[33.85032803, -1.540331617, 0]",,hammer,,,,,c3b014f2a7562270674a5152698213e866,"-1.540331617,33.85032803",SANKU
uuid:007-0d59-443b-94d1-80f14bd3dd189,2021-08-13T17:19:54.732+03:191,2021-08-13T17:31:01.108+03:191,,1,1,yes,,Mara,Musoma_District_Council,"[33.81829105, -1.515380284, 0]",,hammer,,,,,c3b014f2a7562270674a5152698213e867,"-1.515380284,33.81829105",SANKU
uuid:007-0d59-443b-94d1-80f14bd3dd190,2021-08-13T17:19:54.732+03:192,2021-08-13T17:31:01.108+03:192,,1,1,yes,,Mara,Tarime_Town_Council,"[34.3942257, -1.3501567, 0]",,hammer,,,,,c3b014f2a7562270674a5152698213e868,"-1.3501567,34.3942257",SANKU
uuid:007-0d59-443b-94d1-80f14bd3dd191,2021-08-13T17:19:54.732+03:193,2021-08-13T17:31:01.108+03:193,,1,1,yes,,Mbeya,Kyela_District_Council,"[33.8801488, -9.4992491, 0]",,hammer,,,,,c3b014f2a7562270674a5152698213e869,"-9.4992491,33.8801488",SANKU
uuid:007-0d59-443b-94d1-80f14bd3dd192,2021-08-13T17:19:54.732+03:194,2021-08-13T17:31:01.108+03:194,,1,1,yes,,Mbeya,Mbeya_City_Council,"[33.4077699, -8.9249783, 0]",,hammer,,,,,c3b014f2a7562270674a5152698213e870,"-8.9249783,33.4077699",SANKU
uuid:007-0d59-443b-94d1-80f14bd3dd193,2021-08-13T17:19:54.732+03:195,2021-08-13T17:31:01.108+03:195,,1,1,yes,,Mbeya,Mbeya_City_Council,"[33.4447482, -8.8960932, 0]",,hammer,,,,,c3b014f2a7562270674a5152698213e871,"-8.8960932,33.4447482",SANKU
uuid:007-0d59-443b-94d1-80f14bd3dd194,2021-08-13T17:19:54.732+03:196,2021-08-13T17:31:01.108+03:196,,1,1,yes,,Mbeya,Mbeya_City_Council,"[33.3556011, -8.9377785, 0]",,hammer,,,,,c3b014f2a7562270674a5152698213e872,"-8.9377785,33.3556011",SANKU
uuid:007-0d59-443b-94d1-80f14bd3dd195,2021-08-13T17:19:54.732+03:197,2021-08-13T17:31:01.108+03:197,,1,1,yes,,Mbeya,Mbeya_City_Council,"[33.3574804, -8.9359275, 0]",,hammer,,,,,c3b014f2a7562270674a5152698213e873,"-8.9359275,33.3574804",SANKU
uuid:007-0d59-443b-94d1-80f14bd3dd196,2021-08-13T17:19:54.732+03:198,2021-08-13T17:31:01.108+03:198,,1,1,yes,,Mbeya,Mbeya_City_Council,"[33.49073718, -8.90823501, 0]",,hammer,,,,,c3b014f2a7562270674a5152698213e874,"-8.90823501,33.49073718",SANKU
uuid:007-0d59-443b-94d1-80f14bd3dd197,2021-08-13T17:19:54.732+03:199,2021-08-13T17:31:01.108+03:199,,1,1,yes,,Mbeya,Mbeya_City_Council,"[33.4609495, -8.9113124, 0]",,hammer,,,,,c3b014f2a7562270674a5152698213e875,"-8.9113124,33.4609495",SANKU
uuid:007-0d59-443b-94d1-80f14bd3dd198,2021-08-13T17:19:54.732+03:200,2021-08-13T17:31:01.108+03:200,,1,1,yes,,Mbeya,Mbeya_City_Council,"[33.4545323, -8.91420979, 0]",,hammer,,,,,c3b014f2a7562270674a5152698213e876,"-8.91420979,33.4545323",SANKU
uuid:007-0d59-443b-94d1-80f14bd3dd199,2021-08-13T17:19:54.732+03:201,2021-08-13T17:31:01.108+03:201,,1,1,yes,,Mbeya,Mbeya_City_Council,"[33.5144138, -8.9092448, 0]",,hammer,,,,,c3b014f2a7562270674a5152698213e877,"-8.9092448,33.5144138",SANKU
uuid:007-0d59-443b-94d1-80f14bd3dd200,2021-08-13T17:19:54.732+03:202,2021-08-13T17:31:01.108+03:202,,1,1,yes,,Mbeya,Mbeya_District_Council,"[33.4447754, -8.8960863, 0]",,hammer,,,,,c3b014f2a7562270674a5152698213e878,"-8.8960863,33.4447754",SANKU
uuid:007-0d59-443b-94d1-80f14bd3dd201,2021-08-13T17:19:54.732+03:203,2021-08-13T17:31:01.108+03:203,,1,1,yes,,Mbeya,Mbeya_District_Council,"[33.6066615, -8.8807513, 0]",,hammer,,,,,c3b014f2a7562270674a5152698213e879,"-8.8807513,33.6066615",SANKU
uuid:007-0d59-443b-94d1-80f14bd3dd202,2021-08-13T17:19:54.732+03:204,2021-08-13T17:31:01.108+03:204,,1,1,yes,,Mbeya,Mbeya_District_Council,"[33.6067787, -8.8807666, 0]",,hammer,,,,,c3b014f2a7562270674a5152698213e880,"-8.8807666,33.6067787",SANKU
uuid:007-0d59-443b-94d1-80f14bd3dd203,2021-08-13T17:19:54.732+03:205,2021-08-13T17:31:01.108+03:205,,1,1,yes,,Mbeya,Mbeya_District_Council,"[33.34551151, -8.95658815, 0]",,hammer,,,,,c3b014f2a7562270674a5152698213e881,"-8.95658815,33.34551151",SANKU
uuid:007-0d59-443b-94d1-80f14bd3dd204,2021-08-13T17:19:54.732+03:206,2021-08-13T17:31:01.108+03:206,,1,1,yes,,Morogoro,Gairo_District_Council,"[36.8689496, -6.1367879, 0]",,hammer,,,,,c3b014f2a7562270674a5152698213e882,"-6.1367879,36.8689496",SANKU
uuid:007-0d59-443b-94d1-80f14bd3dd205,2021-08-13T17:19:54.732+03:207,2021-08-13T17:31:01.108+03:207,,1,1,yes,,Morogoro,Ifakara_Town_Council,"[36.66993704, -8.141462185, 0]",,hammer,,,,,c3b014f2a7562270674a5152698213e883,"-8.141462185,36.66993704",SANKU
uuid:007-0d59-443b-94d1-80f14bd3dd206,2021-08-13T17:19:54.732+03:208,2021-08-13T17:31:01.108+03:208,,1,1,yes,,Morogoro,Morogoro_Municipal_Council,"[37.7622062, -6.792812, 0]",,hammer,,,,,c3b014f2a7562270674a5152698213e884,"-6.792812,37.7622062",SANKU
uuid:007-0d59-443b-94d1-80f14bd3dd207,2021-08-13T17:19:54.732+03:209,2021-08-13T17:31:01.108+03:209,,1,1,yes,,Morogoro,Morogoro_District_Council,"[37.66485259, -6.820390854, 0]",,hammer,,,,,c3b014f2a7562270674a5152698213e885,"-6.820390854,37.66485259",SANKU
uuid:007-0d59-443b-94d1-80f14bd3dd208,2021-08-13T17:19:54.732+03:210,2021-08-13T17:31:01.108+03:210,,1,1,yes,,Morogoro,Morogoro_District_Council,"[37.6688681, -6.8154683, 0]",,hammer,,,,,c3b014f2a7562270674a5152698213e886,"-6.8154683,37.6688681",SANKU
uuid:007-0d59-443b-94d1-80f14bd3dd209,2021-08-13T17:19:54.732+03:211,2021-08-13T17:31:01.108+03:211,,1,1,yes,,Morogoro,Morogoro_District_Council,"[37.6488069, -6.7525602, 0]",,hammer,,,,,c3b014f2a7562270674a5152698213e887,"-6.7525602,37.6488069",SANKU
uuid:007-0d59-443b-94d1-80f14bd3dd210,2021-08-13T17:19:54.732+03:212,2021-08-13T17:31:01.108+03:212,,1,1,yes,,Morogoro,Morogoro_District_Council,"[37.64879391, -6.734621193, 0]",,hammer,,,,,c3b014f2a7562270674a5152698213e888,"-6.734621193,37.64879391",SANKU
uuid:007-0d59-443b-94d1-80f14bd3dd211,2021-08-13T17:19:54.732+03:213,2021-08-13T17:31:01.108+03:213,,1,1,yes,,Morogoro,Morogoro_District_Council,"[37.75400658, -6.774692065, 0]",,hammer,,,,,c3b014f2a7562270674a5152698213e889,"-6.774692065,37.75400658",SANKU
uuid:007-0d59-443b-94d1-80f14bd3dd212,2021-08-13T17:19:54.732+03:214,2021-08-13T17:31:01.108+03:214,,1,1,yes,,Morogoro,Morogoro_District_Council,"[37.66411459, -6.808736748, 0]",,hammer,,,,,c3b014f2a7562270674a5152698213e890,"-6.808736748,37.66411459",SANKU
uuid:007-0d59-443b-94d1-80f14bd3dd213,2021-08-13T17:19:54.732+03:215,2021-08-13T17:31:01.108+03:215,,1,1,yes,,Morogoro,Morogoro_District_Council,"[37.6117073, -6.7629047, 0]",,hammer,,,,,c3b014f2a7562270674a5152698213e891,"-6.7629047,37.6117073",SANKU
uuid:007-0d59-443b-94d1-80f14bd3dd214,2021-08-13T17:19:54.732+03:216,2021-08-13T17:31:01.108+03:216,,1,1,yes,,Morogoro,Morogoro_District_Council,"[37.75618211, -6.783791233, 0]",,hammer,,,,,c3b014f2a7562270674a5152698213e892,"-6.783791233,37.75618211",SANKU
uuid:007-0d59-443b-94d1-80f14bd3dd215,2021-08-13T17:19:54.732+03:217,2021-08-13T17:31:01.108+03:217,,1,1,yes,,Morogoro,Morogoro_District_Council,"[37.6530704, -6.7561682, 0]",,hammer,,,,,c3b014f2a7562270674a5152698213e893,"-6.7561682,37.6530704",SANKU
uuid:007-0d59-443b-94d1-80f14bd3dd216,2021-08-13T17:19:54.732+03:218,2021-08-13T17:31:01.108+03:218,,1,1,yes,,Morogoro,Morogoro_District_Council,"[37.6674379, -6.7728833, 0]",,hammer,,,,,c3b014f2a7562270674a5152698213e894,"-6.7728833,37.6674379",SANKU
uuid:007-0d59-443b-94d1-80f14bd3dd217,2021-08-13T17:19:54.732+03:219,2021-08-13T17:31:01.108+03:219,,1,1,yes,,Morogoro,Morogoro_District_Council,"[37.66520339, -6.812716014, 0]",,hammer,,,,,c3b014f2a7562270674a5152698213e895,"-6.812716014,37.66520339",SANKU
uuid:007-0d59-443b-94d1-80f14bd3dd218,2021-08-13T17:19:54.732+03:220,2021-08-13T17:31:01.108+03:220,,1,1,yes,,Morogoro,Morogoro_District_Council,"[37.66182045, -6.820725118, 0]",,hammer,,,,,c3b014f2a7562270674a5152698213e896,"-6.820725118,37.66182045",SANKU
uuid:007-0d59-443b-94d1-80f14bd3dd219,2021-08-13T17:19:54.732+03:221,2021-08-13T17:31:01.108+03:221,,1,1,yes,,Morogoro,Morogoro_District_Council,"[37.63636644, -6.763449549, 0]",,hammer,,,,,c3b014f2a7562270674a5152698213e897,"-6.763449549,37.63636644",SANKU
uuid:007-0d59-443b-94d1-80f14bd3dd220,2021-08-13T17:19:54.732+03:222,2021-08-13T17:31:01.108+03:222,,1,1,yes,,Morogoro,Morogoro_District_Council,"[37.7527834, -6.7658064, 0]",,hammer,,,,,c3b014f2a7562270674a5152698213e898,"-6.7658064,37.7527834",SANKU
uuid:007-0d59-443b-94d1-80f14bd3dd221,2021-08-13T17:19:54.732+03:223,2021-08-13T17:31:01.108+03:223,,1,1,yes,,Morogoro,Morogoro_District_Council,"[37.66511037, -6.813036825, 0]",,hammer,,,,,c3b014f2a7562270674a5152698213e899,"-6.813036825,37.66511037",SANKU
uuid:007-0d59-443b-94d1-80f14bd3dd222,2021-08-13T17:19:54.732+03:224,2021-08-13T17:31:01.108+03:224,,1,1,yes,,Morogoro,Morogoro_District_Council,"[37.7064713, -6.8171374, 0]",,hammer,,,,,c3b014f2a7562270674a5152698213e900,"-6.8171374,37.7064713",SANKU
uuid:007-0d59-443b-94d1-80f14bd3dd223,2021-08-13T17:19:54.732+03:225,2021-08-13T17:31:01.108+03:225,,1,1,yes,,Morogoro,Morogoro_District_Council,"[37.68460239, -6.801138637, 0]",,hammer,,,,,c3b014f2a7562270674a5152698213e901,"-6.801138637,37.68460239",SANKU
uuid:007-0d59-443b-94d1-80f14bd3dd224,2021-08-13T17:19:54.732+03:226,2021-08-13T17:31:01.108+03:226,,1,1,yes,,Morogoro,Morogoro_District_Council,"[37.66153402, -6.788527867, 0]",,hammer,,,,,c3b014f2a7562270674a5152698213e902,"-6.788527867,37.66153402",SANKU
uuid:007-0d59-443b-94d1-80f14bd3dd225,2021-08-13T17:19:54.732+03:227,2021-08-13T17:31:01.108+03:227,,1,1,yes,,Morogoro,Morogoro_District_Council,"[37.65748006, -6.818423754, 0]",,hammer,,,,,c3b014f2a7562270674a5152698213e903,"-6.818423754,37.65748006",SANKU
uuid:007-0d59-443b-94d1-80f14bd3dd226,2021-08-13T17:19:54.732+03:228,2021-08-13T17:31:01.108+03:228,,1,1,yes,,Morogoro,Morogoro_District_Council,"[37.66388028, -6.787086204, 0]",,hammer,,,,,c3b014f2a7562270674a5152698213e904,"-6.787086204,37.66388028",SANKU
uuid:007-0d59-443b-94d1-80f14bd3dd227,2021-08-13T17:19:54.732+03:229,2021-08-13T17:31:01.108+03:229,,1,1,yes,,Morogoro,Morogoro_District_Council,"[37.66714702, -6.823569688, 0]",,hammer,,,,,c3b014f2a7562270674a5152698213e905,"-6.823569688,37.66714702",SANKU
uuid:007-0d59-443b-94d1-80f14bd3dd228,2021-08-13T17:19:54.732+03:230,2021-08-13T17:31:01.108+03:230,,1,1,yes,,Morogoro,Morogoro_District_Council,"[37.75004994, -6.777193685, 0]",,hammer,,,,,c3b014f2a7562270674a5152698213e906,"-6.777193685,37.75004994",SANKU
uuid:007-0d59-443b-94d1-80f14bd3dd229,2021-08-13T17:19:54.732+03:231,2021-08-13T17:31:01.108+03:231,,1,1,yes,,Morogoro,Morogoro_District_Council,"[37.67819463, -6.813225464, 0]",,hammer,,,,,c3b014f2a7562270674a5152698213e907,"-6.813225464,37.67819463",SANKU
uuid:007-0d59-443b-94d1-80f14bd3dd230,2021-08-13T17:19:54.732+03:232,2021-08-13T17:31:01.108+03:232,,1,1,yes,,Morogoro,Morogoro_District_Council,"[37.6286664, -6.6785941, 0]",,hammer,,,,,c3b014f2a7562270674a5152698213e908,"-6.6785941,37.6286664",SANKU
uuid:007-0d59-443b-94d1-80f14bd3dd231,2021-08-13T17:19:54.732+03:233,2021-08-13T17:31:01.108+03:233,,1,1,yes,,Morogoro,Morogoro_District_Council,"[37.6623883, -6.820157975, 0]",,hammer,,,,,c3b014f2a7562270674a5152698213e909,"-6.820157975,37.6623883",SANKU
uuid:007-0d59-443b-94d1-80f14bd3dd232,2021-08-13T17:19:54.732+03:234,2021-08-13T17:31:01.108+03:234,,1,1,yes,,Morogoro,Morogoro_District_Council,"[37.58620195, -6.877051564, 0]",,hammer,,,,,c3b014f2a7562270674a5152698213e910,"-6.877051564,37.58620195",SANKU
uuid:007-0d59-443b-94d1-80f14bd3dd233,2021-08-13T17:19:54.732+03:235,2021-08-13T17:31:01.108+03:235,,1,1,yes,,Morogoro,Morogoro_District_Council,"[37.6844329, -6.800824, 0]",,hammer,,,,,c3b014f2a7562270674a5152698213e911,"-6.800824,37.6844329",SANKU
uuid:007-0d59-443b-94d1-80f14bd3dd234,2021-08-13T17:19:54.732+03:236,2021-08-13T17:31:01.108+03:236,,1,1,yes,,Morogoro,Morogoro_District_Council,"[37.6906867, -6.798011, 0]",,hammer,,,,,c3b014f2a7562270674a5152698213e912,"-6.798011,37.6906867",SANKU
uuid:007-0d59-443b-94d1-80f14bd3dd235,2021-08-13T17:19:54.732+03:237,2021-08-13T17:31:01.108+03:237,,1,1,yes,,Morogoro,Morogoro_District_Council,"[37.6591448, -6.775228197, 0]",,hammer,,,,,c3b014f2a7562270674a5152698213e913,"-6.775228197,37.6591448",SANKU
uuid:007-0d59-443b-94d1-80f14bd3dd236,2021-08-13T17:19:54.732+03:238,2021-08-13T17:31:01.108+03:238,,1,1,yes,,Morogoro,Morogoro_District_Council,"[37.65934777, -6.821294804, 0]",,hammer,,,,,c3b014f2a7562270674a5152698213e914,"-6.821294804,37.65934777",SANKU
uuid:007-0d59-443b-94d1-80f14bd3dd237,2021-08-13T17:19:54.732+03:239,2021-08-13T17:31:01.108+03:239,,1,1,yes,,Morogoro,Morogoro_District_Council,"[37.6787502, -6.7916687, 0]",,hammer,,,,,c3b014f2a7562270674a5152698213e915,"-6.7916687,37.6787502",SANKU
uuid:007-0d59-443b-94d1-80f14bd3dd238,2021-08-13T17:19:54.732+03:240,2021-08-13T17:31:01.108+03:240,,1,1,yes,,Morogoro,Morogoro_District_Council,"[37.64932016, -6.804664856, 0]",,hammer,,,,,c3b014f2a7562270674a5152698213e916,"-6.804664856,37.64932016",SANKU
uuid:007-0d59-443b-94d1-80f14bd3dd239,2021-08-13T17:19:54.732+03:241,2021-08-13T17:31:01.108+03:241,,1,1,yes,,Morogoro,Morogoro_District_Council,"[37.7107641, -6.8162751, 0]",,hammer,,,,,c3b014f2a7562270674a5152698213e917,"-6.8162751,37.7107641",SANKU
uuid:007-0d59-443b-94d1-80f14bd3dd240,2021-08-13T17:19:54.732+03:242,2021-08-13T17:31:01.108+03:242,,1,1,yes,,Morogoro,Morogoro_District_Council,"[37.66620487, -6.823400153, 0]",,hammer,,,,,c3b014f2a7562270674a5152698213e918,"-6.823400153,37.66620487",SANKU
uuid:007-0d59-443b-94d1-80f14bd3dd241,2021-08-13T17:19:54.732+03:243,2021-08-13T17:31:01.108+03:243,,1,1,yes,,Morogoro,Morogoro_District_Council,"[37.6412019, -6.7464934, 0]",,hammer,,,,,c3b014f2a7562270674a5152698213e919,"-6.7464934,37.6412019",SANKU
uuid:007-0d59-443b-94d1-80f14bd3dd242,2021-08-13T17:19:54.732+03:244,2021-08-13T17:31:01.108+03:244,,1,1,yes,,Morogoro,Morogoro_District_Council,"[37.6703115, -6.8017649, 0]",,hammer,,,,,c3b014f2a7562270674a5152698213e920,"-6.8017649,37.6703115",SANKU
uuid:007-0d59-443b-94d1-80f14bd3dd243,2021-08-13T17:19:54.732+03:245,2021-08-13T17:31:01.108+03:245,,1,1,yes,,Morogoro,Morogoro_District_Council,"[37.65962639, -6.82223229, 0]",,hammer,,,,,c3b014f2a7562270674a5152698213e921,"-6.82223229,37.65962639",SANKU
uuid:007-0d59-443b-94d1-80f14bd3dd244,2021-08-13T17:19:54.732+03:246,2021-08-13T17:31:01.108+03:246,,1,1,yes,,Morogoro,Morogoro_District_Council,"[37.67846429, -6.817598772, 0]",,hammer,,,,,c3b014f2a7562270674a5152698213e922,"-6.817598772,37.67846429",SANKU
uuid:007-0d59-443b-94d1-80f14bd3dd245,2021-08-13T17:19:54.732+03:247,2021-08-13T17:31:01.108+03:247,,1,1,yes,,Morogoro,Morogoro_District_Council,"[37.66690737, -6.823287121, 0]",,hammer,,,,,c3b014f2a7562270674a5152698213e923,"-6.823287121,37.66690737",SANKU
uuid:007-0d59-443b-94d1-80f14bd3dd246,2021-08-13T17:19:54.732+03:248,2021-08-13T17:31:01.108+03:248,,1,1,yes,,Morogoro,Morogoro_District_Council,"[37.660278, -6.821981266, 0]",,hammer,,,,,c3b014f2a7562270674a5152698213e924,"-6.821981266,37.660278",SANKU
uuid:007-0d59-443b-94d1-80f14bd3dd247,2021-08-13T17:19:54.732+03:249,2021-08-13T17:31:01.108+03:249,,1,1,yes,,Morogoro,Morogoro_District_Council,"[37.66023478, -6.822719229, 0]",,hammer,,,,,c3b014f2a7562270674a5152698213e925,"-6.822719229,37.66023478",SANKU
uuid:007-0d59-443b-94d1-80f14bd3dd248,2021-08-13T17:19:54.732+03:250,2021-08-13T17:31:01.108+03:250,,1,1,yes,,Morogoro,Morogoro_District_Council,"[37.6781153, -6.8153781, 0]",,hammer,,,,,c3b014f2a7562270674a5152698213e926,"-6.8153781,37.6781153",SANKU
uuid:007-0d59-443b-94d1-80f14bd3dd249,2021-08-13T17:19:54.732+03:251,2021-08-13T17:31:01.108+03:251,,1,1,yes,,Morogoro,Morogoro_District_Council,"[37.6465903, -6.8146514, 0]",,hammer,,,,,c3b014f2a7562270674a5152698213e927,"-6.8146514,37.6465903",SANKU
uuid:007-0d59-443b-94d1-80f14bd3dd250,2021-08-13T17:19:54.732+03:252,2021-08-13T17:31:01.108+03:252,,1,1,yes,,Morogoro,Morogoro_District_Council,"[37.64018793, -6.814062668, 0]",,hammer,,,,,c3b014f2a7562270674a5152698213e928,"-6.814062668,37.64018793",SANKU
uuid:007-0d59-443b-94d1-80f14bd3dd251,2021-08-13T17:19:54.732+03:253,2021-08-13T17:31:01.108+03:253,,1,1,yes,,Morogoro,Morogoro_District_Council,"[37.65544441, -6.762218742, 0]",,hammer,,,,,c3b014f2a7562270674a5152698213e929,"-6.762218742,37.65544441",SANKU
uuid:007-0d59-443b-94d1-80f14bd3dd252,2021-08-13T17:19:54.732+03:254,2021-08-13T17:31:01.108+03:254,,1,1,yes,,Morogoro,Morogoro_District_Council,"[37.6515429, -6.8205328, 0]",,hammer,,,,,c3b014f2a7562270674a5152698213e930,"-6.8205328,37.6515429",SANKU
uuid:007-0d59-443b-94d1-80f14bd3dd253,2021-08-13T17:19:54.732+03:255,2021-08-13T17:31:01.108+03:255,,1,1,yes,,Morogoro,Morogoro_District_Council,"[37.64272973, -6.761214063, 0]",,hammer,,,,,c3b014f2a7562270674a5152698213e931,"-6.761214063,37.64272973",SANKU
uuid:007-0d59-443b-94d1-80f14bd3dd254,2021-08-13T17:19:54.732+03:256,2021-08-13T17:31:01.108+03:256,,1,1,yes,,Morogoro,Morogoro_District_Council,"[37.66903293, -6.812047668, 0]",,hammer,,,,,c3b014f2a7562270674a5152698213e932,"-6.812047668,37.66903293",SANKU
uuid:007-0d59-443b-94d1-80f14bd3dd255,2021-08-13T17:19:54.732+03:257,2021-08-13T17:31:01.108+03:257,,1,1,yes,,Morogoro,Morogoro_District_Council,"[37.70293029, -6.822813761, 0]",,hammer,,,,,c3b014f2a7562270674a5152698213e933,"-6.822813761,37.70293029",SANKU
uuid:007-0d59-443b-94d1-80f14bd3dd256,2021-08-13T17:19:54.732+03:258,2021-08-13T17:31:01.108+03:258,,1,1,yes,,Morogoro,Morogoro_District_Council,"[37.65462978, -6.76337562, 0]",,hammer,,,,,c3b014f2a7562270674a5152698213e934,"-6.76337562,37.65462978",SANKU
uuid:007-0d59-443b-94d1-80f14bd3dd257,2021-08-13T17:19:54.732+03:259,2021-08-13T17:31:01.108+03:259,,1,1,yes,,Morogoro,Morogoro_District_Council,"[37.65682076, -6.818750233, 0]",,hammer,,,,,c3b014f2a7562270674a5152698213e935,"-6.818750233,37.65682076",SANKU
uuid:007-0d59-443b-94d1-80f14bd3dd258,2021-08-13T17:19:54.732+03:260,2021-08-13T17:31:01.108+03:260,,1,1,yes,,Morogoro,Morogoro_District_Council,"[37.65731276, -6.823156047, 0]",,hammer,,,,,c3b014f2a7562270674a5152698213e936,"-6.823156047,37.65731276",SANKU
uuid:007-0d59-443b-94d1-80f14bd3dd259,2021-08-13T17:19:54.732+03:261,2021-08-13T17:31:01.108+03:261,,1,1,yes,,Morogoro,Morogoro_District_Council,"[37.6828855, -6.8203593, 0]",,hammer,,,,,c3b014f2a7562270674a5152698213e937,"-6.8203593,37.6828855",SANKU
uuid:007-0d59-443b-94d1-80f14bd3dd260,2021-08-13T17:19:54.732+03:262,2021-08-13T17:31:01.108+03:262,,1,1,yes,,Morogoro,Morogoro_District_Council,"[37.6594494, -6.7805394, 0]",,hammer,,,,,c3b014f2a7562270674a5152698213e938,"-6.7805394,37.6594494",SANKU
uuid:007-0d59-443b-94d1-80f14bd3dd261,2021-08-13T17:19:54.732+03:263,2021-08-13T17:31:01.108+03:263,,1,1,yes,,Morogoro,Mvomero_District_Council,"[37.50784385, -6.921749225, 0]",,hammer,,,,,c3b014f2a7562270674a5152698213e939,"-6.921749225,37.50784385",SANKU
uuid:007-0d59-443b-94d1-80f14bd3dd262,2021-08-13T17:19:54.732+03:264,2021-08-13T17:31:01.108+03:264,,1,1,yes,,Morogoro,Mvomero_District_Council,"[37.6150584, -6.1393758, 0]",,hammer,,,,,c3b014f2a7562270674a5152698213e940,"-6.1393758,37.6150584",SANKU
uuid:007-0d59-443b-94d1-80f14bd3dd263,2021-08-13T17:19:54.732+03:265,2021-08-13T17:31:01.108+03:265,,1,1,yes,,Mtwara,Masasi_Town_Council,"[38.802557, -10.7300012, 0]",,hammer,,,,,c3b014f2a7562270674a5152698213e941,"-10.7300012,38.802557",SANKU
uuid:007-0d59-443b-94d1-80f14bd3dd264,2021-08-13T17:19:54.732+03:266,2021-08-13T17:31:01.108+03:266,,1,1,yes,,Mtwara,Mtwara_Municipal_Council,"[40.056025, -10.26710167, 0]",,hammer,,,,,c3b014f2a7562270674a5152698213e942,"-10.26710167,40.056025",SANKU
uuid:007-0d59-443b-94d1-80f14bd3dd265,2021-08-13T17:19:54.732+03:267,2021-08-13T17:31:01.108+03:267,,1,1,yes,,Mtwara,Mtwara_District_Council,"[40.16172667, -10.36564333, 0]",,hammer,,,,,c3b014f2a7562270674a5152698213e943,"-10.36564333,40.16172667",SANKU
uuid:007-0d59-443b-94d1-80f14bd3dd266,2021-08-13T17:19:54.732+03:268,2021-08-13T17:31:01.108+03:268,,1,1,yes,,Mwanza,Ilemela_Municipal_Council,"[32.9535961, -2.5223432, 0]",,hammer,,,,,c3b014f2a7562270674a5152698213e944,"-2.5223432,32.9535961",SANKU
uuid:007-0d59-443b-94d1-80f14bd3dd267,2021-08-13T17:19:54.732+03:269,2021-08-13T17:31:01.108+03:269,,1,1,yes,,Mwanza,Ilemela_Municipal_Council,"[32.90642389, -2.492756043, 0]",,hammer,,,,,c3b014f2a7562270674a5152698213e945,"-2.492756043,32.90642389",SANKU
uuid:007-0d59-443b-94d1-80f14bd3dd268,2021-08-13T17:19:54.732+03:270,2021-08-13T17:31:01.108+03:270,,1,1,yes,,Mwanza,Ilemela_Municipal_Council,"[32.9689212, -2.5241957, 0]",,hammer,,,,,c3b014f2a7562270674a5152698213e946,"-2.5241957,32.9689212",SANKU
uuid:007-0d59-443b-94d1-80f14bd3dd269,2021-08-13T17:19:54.732+03:271,2021-08-13T17:31:01.108+03:271,,1,1,yes,,Mwanza,Ilemela_Municipal_Council,"[32.9380255, -2.525092, 0]",,hammer,,,,,c3b014f2a7562270674a5152698213e947,"-2.525092,32.9380255",SANKU
uuid:007-0d59-443b-94d1-80f14bd3dd270,2021-08-13T17:19:54.732+03:272,2021-08-13T17:31:01.108+03:272,,1,1,yes,,Mwanza,Ilemela_Municipal_Council,"[32.910294, -2.4795982, 0]",,hammer,,,,,c3b014f2a7562270674a5152698213e948,"-2.4795982,32.910294",SANKU
uuid:007-0d59-443b-94d1-80f14bd3dd271,2021-08-13T17:19:54.732+03:273,2021-08-13T17:31:01.108+03:273,,1,1,yes,,Mwanza,Ilemela_Municipal_Council,"[32.9104473, -2.480205, 0]",,hammer,,,,,c3b014f2a7562270674a5152698213e949,"-2.480205,32.9104473",SANKU
uuid:007-0d59-443b-94d1-80f14bd3dd272,2021-08-13T17:19:54.732+03:274,2021-08-13T17:31:01.108+03:274,,1,1,yes,,Mwanza,Ilemela_Municipal_Council,"[32.9314753, -2.533026561, 0]",,hammer,,,,,c3b014f2a7562270674a5152698213e950,"-2.533026561,32.9314753",SANKU
uuid:007-0d59-443b-94d1-80f14bd3dd273,2021-08-13T17:19:54.732+03:275,2021-08-13T17:31:01.108+03:275,,1,1,yes,,Mwanza,Ilemela_Municipal_Council,"[32.9128394, -2.524644532, 0]",,hammer,,,,,c3b014f2a7562270674a5152698213e951,"-2.524644532,32.9128394",SANKU
uuid:007-0d59-443b-94d1-80f14bd3dd274,2021-08-13T17:19:54.732+03:276,2021-08-13T17:31:01.108+03:276,,1,1,yes,,Mwanza,Magu_District_Council,"[33.3793005, -2.5318007, 0]",,hammer,,,,,c3b014f2a7562270674a5152698213e952,"-2.5318007,33.3793005",SANKU
uuid:007-0d59-443b-94d1-80f14bd3dd275,2021-08-13T17:19:54.732+03:277,2021-08-13T17:31:01.108+03:277,,1,1,yes,,Mwanza,Magu_District_Council,"[33.025756, -2.5542034, 0]",,hammer,,,,,c3b014f2a7562270674a5152698213e953,"-2.5542034,33.025756",SANKU
uuid:007-0d59-443b-94d1-80f14bd3dd276,2021-08-13T17:19:54.732+03:278,2021-08-13T17:31:01.108+03:278,,1,1,yes,,Mwanza,Mwanza_City_Council,"[32.9912438, -2.5625386, 0]",,hammer,,,,,c3b014f2a7562270674a5152698213e954,"-2.5625386,32.9912438",SANKU
uuid:007-0d59-443b-94d1-80f14bd3dd277,2021-08-13T17:19:54.732+03:279,2021-08-13T17:31:01.108+03:279,,1,1,yes,,Mwanza,Mwanza_City_Council,"[32.9189786, -2.5801689, 0]",,hammer,,,,,c3b014f2a7562270674a5152698213e955,"-2.5801689,32.9189786",SANKU
uuid:007-0d59-443b-94d1-80f14bd3dd278,2021-08-13T17:19:54.732+03:280,2021-08-13T17:31:01.108+03:280,,1,1,yes,,Mwanza,Mwanza_City_Council,"[32.9160426, -2.5256031, 0]",,hammer,,,,,c3b014f2a7562270674a5152698213e956,"-2.5256031,32.9160426",SANKU
uuid:007-0d59-443b-94d1-80f14bd3dd279,2021-08-13T17:19:54.732+03:281,2021-08-13T17:31:01.108+03:281,,1,1,yes,,Njombe,Makambako_Town_Council,"[34.8340409, -8.8393801, 0]",,hammer,,,,,c3b014f2a7562270674a5152698213e957,"-8.8393801,34.8340409",SANKU
uuid:007-0d59-443b-94d1-80f14bd3dd280,2021-08-13T17:19:54.732+03:282,2021-08-13T17:31:01.108+03:282,,1,1,yes,,Njombe,Makambako_Town_Council,"[34.82036753, -8.85762718, 0]",,hammer,,,,,c3b014f2a7562270674a5152698213e958,"-8.85762718,34.82036753",SANKU
uuid:007-0d59-443b-94d1-80f14bd3dd281,2021-08-13T17:19:54.732+03:283,2021-08-13T17:31:01.108+03:283,,1,1,yes,,Njombe,Makambako_Town_Council,"[34.82204458, -8.846834223, 0]",,hammer,,,,,c3b014f2a7562270674a5152698213e959,"-8.846834223,34.82204458",SANKU
uuid:007-0d59-443b-94d1-80f14bd3dd282,2021-08-13T17:19:54.732+03:284,2021-08-13T17:31:01.108+03:284,,1,1,yes,,Njombe,Makambako_Town_Council,"[34.825476, -8.8571089, 0]",,hammer,,,,,c3b014f2a7562270674a5152698213e960,"-8.8571089,34.825476",SANKU
uuid:007-0d59-443b-94d1-80f14bd3dd283,2021-08-13T17:19:54.732+03:285,2021-08-13T17:31:01.108+03:285,,1,1,yes,,Njombe,Njombe_Town_Council,"[34.80240678, -9.377052463, 0]",,hammer,,,,,c3b014f2a7562270674a5152698213e961,"-9.377052463,34.80240678",SANKU
uuid:007-0d59-443b-94d1-80f14bd3dd284,2021-08-13T17:19:54.732+03:286,2021-08-13T17:31:01.108+03:286,,1,1,yes,,Njombe,Njombe_Town_Council,"[34.75810234, -9.36063407, 0]",,hammer,,,,,c3b014f2a7562270674a5152698213e962,"-9.36063407,34.75810234",SANKU
uuid:007-0d59-443b-94d1-80f14bd3dd285,2021-08-13T17:19:54.732+03:287,2021-08-13T17:31:01.108+03:287,,1,1,yes,,Njombe,Njombe_Town_Council,"[34.76834055, -9.344697227, 0]",,hammer,,,,,c3b014f2a7562270674a5152698213e963,"-9.344697227,34.76834055",SANKU
uuid:007-0d59-443b-94d1-80f14bd3dd286,2021-08-13T17:19:54.732+03:288,2021-08-13T17:31:01.108+03:288,,1,1,yes,,Njombe,Njombe_Town_Council,"[34.7931378, -9.3787023, 0]",,hammer,,,,,c3b014f2a7562270674a5152698213e964,"-9.3787023,34.7931378",SANKU
uuid:007-0d59-443b-94d1-80f14bd3dd287,2021-08-13T17:19:54.732+03:289,2021-08-13T17:31:01.108+03:289,,1,1,yes,,Njombe,Wanging'ombe_District_Council,"[34.6431228, -9.0598935, 0]",,hammer,,,,,c3b014f2a7562270674a5152698213e965,"-9.0598935,34.6431228",SANKU
uuid:007-0d59-443b-94d1-80f14bd3dd288,2021-08-13T17:19:54.732+03:290,2021-08-13T17:31:01.108+03:290,,1,1,yes,,Njombe,Wanging'ombe_District_Council,"[34.6167918, -9.2359896, 0]",,hammer,,,,,c3b014f2a7562270674a5152698213e966,"-9.2359896,34.6167918",SANKU
uuid:007-0d59-443b-94d1-80f14bd3dd289,2021-08-13T17:19:54.732+03:291,2021-08-13T17:31:01.108+03:291,,1,1,yes,,Pwani,Bagamoyo__District_Council,"[38.9003507, -6.4463795, 0]",,hammer,,,,,c3b014f2a7562270674a5152698213e967,"-6.4463795,38.9003507",SANKU
uuid:007-0d59-443b-94d1-80f14bd3dd290,2021-08-13T17:19:54.732+03:292,2021-08-13T17:31:01.108+03:292,,1,1,yes,,Pwani,Bagamoyo__District_Council,"[38.87780921, -6.463779072, 0]",,hammer,,,,,c3b014f2a7562270674a5152698213e968,"-6.463779072,38.87780921",SANKU
uuid:007-0d59-443b-94d1-80f14bd3dd291,2021-08-13T17:19:54.732+03:293,2021-08-13T17:31:01.108+03:293,,1,1,yes,,Pwani,Bagamoyo__District_Council,"[39.0423805, -6.5802216, 0]",,hammer,,,,,c3b014f2a7562270674a5152698213e969,"-6.5802216,39.0423805",SANKU
uuid:007-0d59-443b-94d1-80f14bd3dd292,2021-08-13T17:19:54.732+03:294,2021-08-13T17:31:01.108+03:294,,1,1,yes,,Pwani,Bagamoyo__District_Council,"[38.8987631, -6.4466552, 0]",,hammer,,,,,c3b014f2a7562270674a5152698213e970,"-6.4466552,38.8987631",SANKU
uuid:007-0d59-443b-94d1-80f14bd3dd293,2021-08-13T17:19:54.732+03:295,2021-08-13T17:31:01.108+03:295,,1,1,yes,,Pwani,Chalinze_District_Council,"[38.3613102, -6.6436077, 0]",,hammer,,,,,c3b014f2a7562270674a5152698213e971,"-6.6436077,38.3613102",SANKU
uuid:007-0d59-443b-94d1-80f14bd3dd294,2021-08-13T17:19:54.732+03:296,2021-08-13T17:31:01.108+03:296,,1,1,yes,,Pwani,Chalinze_District_Council,"[38.3415943, -6.635193, 0]",,hammer,,,,,c3b014f2a7562270674a5152698213e972,"-6.635193,38.3415943",SANKU
uuid:007-0d59-443b-94d1-80f14bd3dd295,2021-08-13T17:19:54.732+03:297,2021-08-13T17:31:01.108+03:297,,1,1,yes,,Pwani,Chalinze_District_Council,"[38.3506022, -6.6404504, 0]",,hammer,,,,,c3b014f2a7562270674a5152698213e973,"-6.6404504,38.3506022",SANKU
uuid:007-0d59-443b-94d1-80f14bd3dd296,2021-08-13T17:19:54.732+03:298,2021-08-13T17:31:01.108+03:298,,1,1,yes,,Pwani,Kibaha_District_Council,"[38.7740978, -6.7773802, 0]",,hammer,,,,,c3b014f2a7562270674a5152698213e974,"-6.7773802,38.7740978",SANKU
uuid:007-0d59-443b-94d1-80f14bd3dd297,2021-08-13T17:19:54.732+03:299,2021-08-13T17:31:01.108+03:299,,1,1,yes,,Pwani,Kibaha_Town_Council,"[38.9394091, -6.7874348, 0]",,hammer,,,,,c3b014f2a7562270674a5152698213e975,"-6.7874348,38.9394091",SANKU
uuid:007-0d59-443b-94d1-80f14bd3dd298,2021-08-13T17:19:54.732+03:300,2021-08-13T17:31:01.108+03:300,,1,1,yes,,Pwani,Mkuranga_District_Council,"[39.21039, -7.100408333, 0]",,hammer,,,,,c3b014f2a7562270674a5152698213e976,"-7.100408333,39.21039",SANKU
uuid:007-0d59-443b-94d1-80f14bd3dd299,2021-08-13T17:19:54.732+03:301,2021-08-13T17:31:01.108+03:301,,1,1,yes,,Pwani,Mkuranga_District_Council,"[39.30556833, -7.011995, 0]",,hammer,,,,,c3b014f2a7562270674a5152698213e977,"-7.011995,39.30556833",SANKU
uuid:007-0d59-443b-94d1-80f14bd3dd300,2021-08-13T17:19:54.732+03:302,2021-08-13T17:31:01.108+03:302,,1,1,yes,,Pwani,Rufiji_District_Council,"[38.988365, -7.950925, 0]",,hammer,,,,,c3b014f2a7562270674a5152698213e978,"-7.950925,38.988365",SANKU
uuid:007-0d59-443b-94d1-80f14bd3dd301,2021-08-13T17:19:54.732+03:303,2021-08-13T17:31:01.108+03:303,,1,1,yes,,Rukwa,Kalambo_Municipal_Council,"[31.5175543, -8.2916258, 0]",,hammer,,,,,c3b014f2a7562270674a5152698213e979,"-8.2916258,31.5175543",SANKU
uuid:007-0d59-443b-94d1-80f14bd3dd302,2021-08-13T17:19:54.732+03:304,2021-08-13T17:31:01.108+03:304,,1,1,yes,,Rukwa,Sumbawanga_District_Council,"[31.6085204, -7.9586408, 0]",,hammer,,,,,c3b014f2a7562270674a5152698213e980,"-7.9586408,31.6085204",SANKU
uuid:007-0d59-443b-94d1-80f14bd3dd303,2021-08-13T17:19:54.732+03:305,2021-08-13T17:31:01.108+03:305,,1,1,yes,,Rukwa,Sumbawanga_District_Council,"[31.6146305, -7.9574025, 0]",,hammer,,,,,c3b014f2a7562270674a5152698213e981,"-7.9574025,31.6146305",SANKU
uuid:007-0d59-443b-94d1-80f14bd3dd304,2021-08-13T17:19:54.732+03:306,2021-08-13T17:31:01.108+03:306,,1,1,yes,,Rukwa,Sumbawanga_District_Council,"[31.6198795, -7.9450365, 0]",,hammer,,,,,c3b014f2a7562270674a5152698213e982,"-7.9450365,31.6198795",SANKU
uuid:007-0d59-443b-94d1-80f14bd3dd305,2021-08-13T17:19:54.732+03:307,2021-08-13T17:31:01.108+03:307,,1,1,yes,,Rukwa,Sumbawanga_District_Council,"[31.6085204, -7.9586408, 0]",,hammer,,,,,c3b014f2a7562270674a5152698213e983,"-7.9586408,31.6085204",SANKU
uuid:007-0d59-443b-94d1-80f14bd3dd306,2021-08-13T17:19:54.732+03:308,2021-08-13T17:31:01.108+03:308,,1,1,yes,,Rukwa,Sumbawanga_District_Council,"[31.6142258, -7.96262, 0]",,hammer,,,,,c3b014f2a7562270674a5152698213e984,"-7.96262,31.6142258",SANKU
uuid:007-0d59-443b-94d1-80f14bd3dd307,2021-08-13T17:19:54.732+03:309,2021-08-13T17:31:01.108+03:309,,1,1,yes,,Ruvuma,Mbinga_District_Council,"[35.14894081, -10.7509461, 0]",,hammer,,,,,c3b014f2a7562270674a5152698213e985,"-10.7509461,35.14894081",SANKU
uuid:007-0d59-443b-94d1-80f14bd3dd308,2021-08-13T17:19:54.732+03:310,2021-08-13T17:31:01.108+03:310,,1,1,yes,,Ruvuma,Mbinga_Town_Council,"[34.9866469, -10.9676237, 0]",,hammer,,,,,c3b014f2a7562270674a5152698213e986,"-10.9676237,34.9866469",SANKU
uuid:007-0d59-443b-94d1-80f14bd3dd309,2021-08-13T17:19:54.732+03:311,2021-08-13T17:31:01.108+03:311,,1,1,yes,,Ruvuma,Namtumbo_District_Council,"[36.2330806, -10.5572397, 0]",,hammer,,,,,c3b014f2a7562270674a5152698213e987,"-10.5572397,36.2330806",SANKU
uuid:007-0d59-443b-94d1-80f14bd3dd310,2021-08-13T17:19:54.732+03:312,2021-08-13T17:31:01.108+03:312,,1,1,yes,,Ruvuma,Namtumbo_District_Council,"[36.1137156, -10.4934896, 0]",,hammer,,,,,c3b014f2a7562270674a5152698213e988,"-10.4934896,36.1137156",SANKU
uuid:007-0d59-443b-94d1-80f14bd3dd311,2021-08-13T17:19:54.732+03:313,2021-08-13T17:31:01.108+03:313,,1,1,yes,,Ruvuma,Songea_Municipal_Council,"[35.6401245, -10.6669316, 0]",,hammer,,,,,c3b014f2a7562270674a5152698213e989,"-10.6669316,35.6401245",SANKU
uuid:007-0d59-443b-94d1-80f14bd3dd312,2021-08-13T17:19:54.732+03:314,2021-08-13T17:31:01.108+03:314,,1,1,yes,,Ruvuma,Songea_District_Council,"[35.6130994, -10.676036, 0]",,hammer,,,,,c3b014f2a7562270674a5152698213e990,"-10.676036,35.6130994",SANKU
uuid:007-0d59-443b-94d1-80f14bd3dd313,2021-08-13T17:19:54.732+03:315,2021-08-13T17:31:01.108+03:315,,1,1,yes,,Ruvuma,Songea_District_Council,"[35.646837, -10.6732532, 0]",,hammer,,,,,c3b014f2a7562270674a5152698213e991,"-10.6732532,35.646837",SANKU
uuid:007-0d59-443b-94d1-80f14bd3dd314,2021-08-13T17:19:54.732+03:316,2021-08-13T17:31:01.108+03:316,,1,1,yes,,Ruvuma,Songea_District_Council,"[35.6449908, -10.6726038, 0]",,hammer,,,,,c3b014f2a7562270674a5152698213e992,"-10.6726038,35.6449908",SANKU
uuid:007-0d59-443b-94d1-80f14bd3dd315,2021-08-13T17:19:54.732+03:317,2021-08-13T17:31:01.108+03:317,,1,1,yes,,Ruvuma,Songea_District_Council,"[35.6438727, -10.6739569, 0]",,hammer,,,,,c3b014f2a7562270674a5152698213e993,"-10.6739569,35.6438727",SANKU
uuid:007-0d59-443b-94d1-80f14bd3dd316,2021-08-13T17:19:54.732+03:318,2021-08-13T17:31:01.108+03:318,,1,1,yes,,Ruvuma,Songea_District_Council,"[35.6602873, -10.6727451, 0]",,hammer,,,,,c3b014f2a7562270674a5152698213e994,"-10.6727451,35.6602873",SANKU
uuid:007-0d59-443b-94d1-80f14bd3dd317,2021-08-13T17:19:54.732+03:319,2021-08-13T17:31:01.108+03:319,,1,1,yes,,Ruvuma,Songea_District_Council,"[35.6553113, -10.6458261, 0]",,hammer,,,,,c3b014f2a7562270674a5152698213e995,"-10.6458261,35.6553113",SANKU
uuid:007-0d59-443b-94d1-80f14bd3dd318,2021-08-13T17:19:54.732+03:320,2021-08-13T17:31:01.108+03:320,,1,1,yes,,Ruvuma,Songea_District_Council,"[35.6320852, -10.6633725, 0]",,hammer,,,,,c3b014f2a7562270674a5152698213e996,"-10.6633725,35.6320852",SANKU
uuid:007-0d59-443b-94d1-80f14bd3dd319,2021-08-13T17:19:54.732+03:321,2021-08-13T17:31:01.108+03:321,,1,1,yes,,Ruvuma,Songea_District_Council,"[35.6587076, -10.610527, 0]",,hammer,,,,,c3b014f2a7562270674a5152698213e997,"-10.610527,35.6587076",SANKU
uuid:007-0d59-443b-94d1-80f14bd3dd320,2021-08-13T17:19:54.732+03:322,2021-08-13T17:31:01.108+03:322,,1,1,yes,,Ruvuma,Songea_District_Council,"[35.632103, -10.659905, 0]",,hammer,,,,,c3b014f2a7562270674a5152698213e998,"-10.659905,35.632103",SANKU
uuid:007-0d59-443b-94d1-80f14bd3dd321,2021-08-13T17:19:54.732+03:323,2021-08-13T17:31:01.108+03:323,,1,1,yes,,Ruvuma,Songea_District_Council,"[35.613463, -10.6764012, 0]",,hammer,,,,,c3b014f2a7562270674a5152698213e999,"-10.6764012,35.613463",SANKU
uuid:007-0d59-443b-94d1-80f14bd3dd322,2021-08-13T17:19:54.732+03:324,2021-08-13T17:31:01.108+03:324,,1,1,yes,,Ruvuma,Songea_District_Council,"[35.6402787, -10.6669817, 0]",,hammer,,,,,c3b014f2a7562270674a5152698213e1000,"-10.6669817,35.6402787",SANKU
uuid:007-0d59-443b-94d1-80f14bd3dd323,2021-08-13T17:19:54.732+03:325,2021-08-13T17:31:01.108+03:325,,1,1,yes,,Shinyanga,Kahama_Town_Council,"[32.76517333, -3.873615, 0]",,hammer,,,,,c3b014f2a7562270674a5152698213e1001,"-3.873615,32.76517333",SANKU
uuid:007-0d59-443b-94d1-80f14bd3dd324,2021-08-13T17:19:54.732+03:326,2021-08-13T17:31:01.108+03:326,,1,1,yes,,Shinyanga,Kahama_Town_Council,"[32.59841333, -3.823618333, 0]",,hammer,,,,,c3b014f2a7562270674a5152698213e1002,"-3.823618333,32.59841333",SANKU
uuid:007-0d59-443b-94d1-80f14bd3dd325,2021-08-13T17:19:54.732+03:327,2021-08-13T17:31:01.108+03:327,,1,1,yes,,Shinyanga,Kahama_Town_Council,"[32.5951577, -3.8220023, 0]",,hammer,,,,,c3b014f2a7562270674a5152698213e1003,"-3.8220023,32.5951577",SANKU
uuid:007-0d59-443b-94d1-80f14bd3dd326,2021-08-13T17:19:54.732+03:328,2021-08-13T17:31:01.108+03:328,,1,1,yes,,Shinyanga,Kishapu_District_Council,"[33.8081695, -3.6215738, 0]",,hammer,,,,,c3b014f2a7562270674a5152698213e1004,"-3.6215738,33.8081695",SANKU
uuid:007-0d59-443b-94d1-80f14bd3dd327,2021-08-13T17:19:54.732+03:329,2021-08-13T17:31:01.108+03:329,,1,1,yes,,Shinyanga,Kishapu_District_Council,"[33.5562085, -3.5512834, 0]",,hammer,,,,,c3b014f2a7562270674a5152698213e1005,"-3.5512834,33.5562085",SANKU
uuid:007-0d59-443b-94d1-80f14bd3dd328,2021-08-13T17:19:54.732+03:330,2021-08-13T17:31:01.108+03:330,,1,1,yes,,Shinyanga,Kishapu_District_Council,"[33.9537505, -3.7505768, 0]",,hammer,,,,,c3b014f2a7562270674a5152698213e1006,"-3.7505768,33.9537505",SANKU
uuid:007-0d59-443b-94d1-80f14bd3dd329,2021-08-13T17:19:54.732+03:331,2021-08-13T17:31:01.108+03:331,,1,1,yes,,Shinyanga,Msalala_District_Council,"[32.94074167, -3.908726667, 0]",,hammer,,,,,c3b014f2a7562270674a5152698213e1007,"-3.908726667,32.94074167",SANKU
uuid:007-0d59-443b-94d1-80f14bd3dd330,2021-08-13T17:19:54.732+03:332,2021-08-13T17:31:01.108+03:332,,1,1,yes,,Shinyanga,Shinyanga_District_Council,"[33.42084606, -3.672615558, 0]",,hammer,,,,,c3b014f2a7562270674a5152698213e1008,"-3.672615558,33.42084606",SANKU
uuid:007-0d59-443b-94d1-80f14bd3dd331,2021-08-13T17:19:54.732+03:333,2021-08-13T17:31:01.108+03:333,,1,1,yes,,Shinyanga,Shinyanga_District_Council,"[33.41876167, -3.672891667, 0]",,hammer,,,,,c3b014f2a7562270674a5152698213e1009,"-3.672891667,33.41876167",SANKU
uuid:007-0d59-443b-94d1-80f14bd3dd332,2021-08-13T17:19:54.732+03:334,2021-08-13T17:31:01.108+03:334,,1,1,yes,,Shinyanga,Shinyanga_District_Council,"[33.4048, -3.674413333, 0]",,hammer,,,,,c3b014f2a7562270674a5152698213e1010,"-3.674413333,33.4048",SANKU
uuid:007-0d59-443b-94d1-80f14bd3dd333,2021-08-13T17:19:54.732+03:335,2021-08-13T17:31:01.108+03:335,,1,1,yes,,Shinyanga,Shinyanga_District_Council,"[33.4189754, -3.67263, 0]",,hammer,,,,,c3b014f2a7562270674a5152698213e1011,"-3.67263,33.4189754",SANKU
uuid:007-0d59-443b-94d1-80f14bd3dd334,2021-08-13T17:19:54.732+03:336,2021-08-13T17:31:01.108+03:336,,1,1,yes,,Simiyu,Bariadi_Town_Council,"[33.99182096, -2.66933739, 0]",,hammer,,,,,c3b014f2a7562270674a5152698213e1012,"-2.66933739,33.99182096",SANKU
uuid:007-0d59-443b-94d1-80f14bd3dd335,2021-08-13T17:19:54.732+03:337,2021-08-13T17:31:01.108+03:337,,1,1,yes,,Simiyu,Busega_DIstrict_Council,"[33.85202696, -2.246697228, 0]",,hammer,,,,,c3b014f2a7562270674a5152698213e1013,"-2.246697228,33.85202696",SANKU
uuid:007-0d59-443b-94d1-80f14bd3dd336,2021-08-13T17:19:54.732+03:338,2021-08-13T17:31:01.108+03:338,,1,1,yes,,Simiyu,Meatu_District_Council,"[34.3129715, -3.5277177, 0]",,hammer,,,,,c3b014f2a7562270674a5152698213e1014,"-3.5277177,34.3129715",SANKU
uuid:007-0d59-443b-94d1-80f14bd3dd337,2021-08-13T17:19:54.732+03:339,2021-08-13T17:31:01.108+03:339,,1,1,yes,,Singida,Itigi_District_Council,"[34.49614042, -5.688876095, 0]",,hammer,,,,,c3b014f2a7562270674a5152698213e1015,"-5.688876095,34.49614042",SANKU
uuid:007-0d59-443b-94d1-80f14bd3dd338,2021-08-13T17:19:54.732+03:340,2021-08-13T17:31:01.108+03:340,,1,1,yes,,Singida,Singida_District_Council,"[34.75062003, -4.837955344, 0]",,hammer,,,,,c3b014f2a7562270674a5152698213e1016,"-4.837955344,34.75062003",SANKU
uuid:007-0d59-443b-94d1-80f14bd3dd339,2021-08-13T17:19:54.732+03:341,2021-08-13T17:31:01.108+03:341,,1,1,yes,,Singida,Singida_District_Council,"[34.7534392, -4.839383, 0]",,hammer,,,,,c3b014f2a7562270674a5152698213e1017,"-4.839383,34.7534392",SANKU
uuid:007-0d59-443b-94d1-80f14bd3dd340,2021-08-13T17:19:54.732+03:342,2021-08-13T17:31:01.108+03:342,,1,1,yes,,Singida,Singida_District_Council,"[34.758267, -4.8295636, 0]",,hammer,,,,,c3b014f2a7562270674a5152698213e1018,"-4.8295636,34.758267",SANKU
uuid:007-0d59-443b-94d1-80f14bd3dd341,2021-08-13T17:19:54.732+03:343,2021-08-13T17:31:01.108+03:343,,1,1,yes,,Songwe,Mbozi_District_Council,"[32.84615819, -9.22819931, 0]",,hammer,,,,,c3b014f2a7562270674a5152698213e1019,"-9.22819931,32.84615819",SANKU
uuid:007-0d59-443b-94d1-80f14bd3dd342,2021-08-13T17:19:54.732+03:344,2021-08-13T17:31:01.108+03:344,,1,1,yes,,Songwe,Mbozi_District_Council,"[32.9923674, -9.0111884, 0]",,hammer,,,,,c3b014f2a7562270674a5152698213e1020,"-9.0111884,32.9923674",SANKU
uuid:007-0d59-443b-94d1-80f14bd3dd343,2021-08-13T17:19:54.732+03:345,2021-08-13T17:31:01.108+03:345,,1,1,yes,,Songwe,Mbozi_District_Council,"[32.9912023, -9.02731395, 0]",,hammer,,,,,c3b014f2a7562270674a5152698213e1021,"-9.02731395,32.9912023",SANKU
uuid:007-0d59-443b-94d1-80f14bd3dd344,2021-08-13T17:19:54.732+03:346,2021-08-13T17:31:01.108+03:346,,1,1,yes,,Songwe,Mbozi_District_Council,"[33.4452074, -8.8960379, 0]",,hammer,,,,,c3b014f2a7562270674a5152698213e1022,"-8.8960379,33.4452074",SANKU
uuid:007-0d59-443b-94d1-80f14bd3dd345,2021-08-13T17:19:54.732+03:347,2021-08-13T17:31:01.108+03:347,,1,1,yes,,Songwe,Mbozi_District_Council,"[32.84328505, -9.23326354, 0]",,hammer,,,,,c3b014f2a7562270674a5152698213e1023,"-9.23326354,32.84328505",SANKU
uuid:007-0d59-443b-94d1-80f14bd3dd346,2021-08-13T17:19:54.732+03:348,2021-08-13T17:31:01.108+03:348,,1,1,yes,,Songwe,Mbozi_District_Council,"[32.97441865, -9.01004171, 0]",,hammer,,,,,c3b014f2a7562270674a5152698213e1024,"-9.01004171,32.97441865",SANKU
uuid:007-0d59-443b-94d1-80f14bd3dd347,2021-08-13T17:19:54.732+03:349,2021-08-13T17:31:01.108+03:349,,1,1,yes,,Songwe,Mbozi_District_Council,"[33.0024229, -9.0085125, 0]",,hammer,,,,,c3b014f2a7562270674a5152698213e1025,"-9.0085125,33.0024229",SANKU
uuid:007-0d59-443b-94d1-80f14bd3dd348,2021-08-13T17:19:54.732+03:350,2021-08-13T17:31:01.108+03:350,,1,1,yes,,Songwe,Mbozi_District_Council,"[33.0028964, -9.0097756, 0]",,hammer,,,,,c3b014f2a7562270674a5152698213e1026,"-9.0097756,33.0028964",SANKU
uuid:007-0d59-443b-94d1-80f14bd3dd349,2021-08-13T17:19:54.732+03:351,2021-08-13T17:31:01.108+03:351,,1,1,yes,,Songwe,Mbozi_District_Council,"[32.9981351, -9.0161962, 0]",,hammer,,,,,c3b014f2a7562270674a5152698213e1027,"-9.0161962,32.9981351",SANKU
uuid:007-0d59-443b-94d1-80f14bd3dd350,2021-08-13T17:19:54.732+03:352,2021-08-13T17:31:01.108+03:352,,1,1,yes,,Songwe,Mbozi_District_Council,"[32.88845411, -9.14222891, 0]",,hammer,,,,,c3b014f2a7562270674a5152698213e1028,"-9.14222891,32.88845411",SANKU
uuid:007-0d59-443b-94d1-80f14bd3dd351,2021-08-13T17:19:54.732+03:353,2021-08-13T17:31:01.108+03:353,,1,1,yes,,Songwe,Mbozi_District_Council,"[32.99907392, -9.01941459, 0]",,hammer,,,,,c3b014f2a7562270674a5152698213e1029,"-9.01941459,32.99907392",SANKU
uuid:007-0d59-443b-94d1-80f14bd3dd352,2021-08-13T17:19:54.732+03:354,2021-08-13T17:31:01.108+03:354,,1,1,yes,,Songwe,Mbozi_District_Council,"[32.970639, -9.0599454, 0]",,hammer,,,,,c3b014f2a7562270674a5152698213e1030,"-9.0599454,32.970639",SANKU
uuid:007-0d59-443b-94d1-80f14bd3dd353,2021-08-13T17:19:54.732+03:355,2021-08-13T17:31:01.108+03:355,,1,1,yes,,Songwe,Tunduma Township,"[32.8385944, -9.2545369, 0]",,hammer,,,,,c3b014f2a7562270674a5152698213e1031,"-9.2545369,32.8385944",SANKU
uuid:007-0d59-443b-94d1-80f14bd3dd354,2021-08-13T17:19:54.732+03:356,2021-08-13T17:31:01.108+03:356,,1,1,yes,,Songwe,Tunduma Township,"[32.8364793, -9.2565536, 0]",,hammer,,,,,c3b014f2a7562270674a5152698213e1032,"-9.2565536,32.8364793",SANKU
uuid:007-0d59-443b-94d1-80f14bd3dd355,2021-08-13T17:19:54.732+03:357,2021-08-13T17:31:01.108+03:357,,1,1,yes,,Songwe,Tunduma Township,"[32.8364793, -9.2565536, 0]",,hammer,,,,,c3b014f2a7562270674a5152698213e1033,"-9.2565536,32.8364793",SANKU
uuid:007-0d59-443b-94d1-80f14bd3dd356,2021-08-13T17:19:54.732+03:358,2021-08-13T17:31:01.108+03:358,,1,1,yes,,Songwe,Tunduma Township,"[32.81890079, -9.28644895, 0]",,hammer,,,,,c3b014f2a7562270674a5152698213e1034,"-9.28644895,32.81890079",SANKU
uuid:007-0d59-443b-94d1-80f14bd3dd357,2021-08-13T17:19:54.732+03:359,2021-08-13T17:31:01.108+03:359,,1,1,yes,,Songwe,Tunduma Township,"[32.7562469, -9.2847133, 0]",,hammer,,,,,c3b014f2a7562270674a5152698213e1035,"-9.2847133,32.7562469",SANKU
uuid:007-0d59-443b-94d1-80f14bd3dd358,2021-08-13T17:19:54.732+03:360,2021-08-13T17:31:01.108+03:360,,1,1,yes,,Tabora,Kaliua_District_Council,"[31.3271457, -5.0623374, 0]",,hammer,,,,,c3b014f2a7562270674a5152698213e1036,"-5.0623374,31.3271457",SANKU
uuid:007-0d59-443b-94d1-80f14bd3dd359,2021-08-13T17:19:54.732+03:361,2021-08-13T17:31:01.108+03:361,,1,1,yes,,Tabora,Kaliua_District_Council,"[31.6487126, -4.9296691, 0]",,hammer,,,,,c3b014f2a7562270674a5152698213e1037,"-4.9296691,31.6487126",SANKU
uuid:007-0d59-443b-94d1-80f14bd3dd360,2021-08-13T17:19:54.732+03:362,2021-08-13T17:31:01.108+03:362,,1,1,yes,,Tabora,Nzega_Town_Council,"[33.1899497, -4.2156367, 0]",,hammer,,,,,c3b014f2a7562270674a5152698213e1038,"-4.2156367,33.1899497",SANKU
uuid:007-0d59-443b-94d1-80f14bd3dd361,2021-08-13T17:19:54.732+03:363,2021-08-13T17:31:01.108+03:363,,1,1,yes,,Tabora,Nzega_Town_Council,"[33.1996383, -4.2245509, 0]",,hammer,,,,,c3b014f2a7562270674a5152698213e1039,"-4.2245509,33.1996383",SANKU
uuid:007-0d59-443b-94d1-80f14bd3dd362,2021-08-13T17:19:54.732+03:364,2021-08-13T17:31:01.108+03:364,,1,1,yes,,Tabora,Sikonge_District_Council,"[32.7451469, -5.6165129, 0]",,hammer,,,,,c3b014f2a7562270674a5152698213e1040,"-5.6165129,32.7451469",SANKU
uuid:007-0d59-443b-94d1-80f14bd3dd363,2021-08-13T17:19:54.732+03:365,2021-08-13T17:31:01.108+03:365,,1,1,yes,,Tabora,Sikonge_District_Council,"[32.7400429, -5.6150327, 0]",,hammer,,,,,c3b014f2a7562270674a5152698213e1041,"-5.6150327,32.7400429",SANKU
uuid:007-0d59-443b-94d1-80f14bd3dd364,2021-08-13T17:19:54.732+03:366,2021-08-13T17:31:01.108+03:366,,1,1,yes,,Tabora,Sikonge_District_Council,"[32.7502736, -5.6148369, 0]",,hammer,,,,,c3b014f2a7562270674a5152698213e1042,"-5.6148369,32.7502736",SANKU
uuid:007-0d59-443b-94d1-80f14bd3dd365,2021-08-13T17:19:54.732+03:367,2021-08-13T17:31:01.108+03:367,,1,1,yes,,Tabora,Tabora_District_Council,"[32.834605, -5.010983333, 0]",,hammer,,,,,c3b014f2a7562270674a5152698213e1043,"-5.010983333,32.834605",SANKU
uuid:007-0d59-443b-94d1-80f14bd3dd366,2021-08-13T17:19:54.732+03:368,2021-08-13T17:31:01.108+03:368,,1,1,yes,,Tabora,Tabora_District_Council,"[32.82787333, -5.00886, 0]",,hammer,,,,,c3b014f2a7562270674a5152698213e1044,"-5.00886,32.82787333",SANKU
uuid:007-0d59-443b-94d1-80f14bd3dd367,2021-08-13T17:19:54.732+03:369,2021-08-13T17:31:01.108+03:369,,1,1,yes,,Tabora,Tabora_District_Council,"[32.80052348, -5.022048291, 0]",,hammer,,,,,c3b014f2a7562270674a5152698213e1045,"-5.022048291,32.80052348",SANKU
uuid:007-0d59-443b-94d1-80f14bd3dd368,2021-08-13T17:19:54.732+03:370,2021-08-13T17:31:01.108+03:370,,1,1,yes,,Tabora,Tabora_District_Council,"[32.81683333, -5.014765, 0]",,hammer,,,,,c3b014f2a7562270674a5152698213e1046,"-5.014765,32.81683333",SANKU
uuid:007-0d59-443b-94d1-80f14bd3dd369,2021-08-13T17:19:54.732+03:371,2021-08-13T17:31:01.108+03:371,,1,1,yes,,Tabora,Urambo_District_Council,"[32.066755, -5.065716667, 0]",,hammer,,,,,c3b014f2a7562270674a5152698213e1047,"-5.065716667,32.066755",SANKU
uuid:007-0d59-443b-94d1-80f14bd3dd370,2021-08-13T17:19:54.732+03:372,2021-08-13T17:31:01.108+03:372,,1,1,yes,,Tabora,Urambo_District_Council,"[32.06933333, -5.08058, 0]",,hammer,,,,,c3b014f2a7562270674a5152698213e1048,"-5.08058,32.06933333",SANKU
uuid:007-0d59-443b-94d1-80f14bd3dd371,2021-08-13T17:19:54.732+03:373,2021-08-13T17:31:01.108+03:373,,1,1,yes,,Tanga,Bumbuli_District_Council,"[38.36736837, -4.846634095, 0]",,hammer,,,,,c3b014f2a7562270674a5152698213e1049,"-4.846634095,38.36736837",SANKU
uuid:007-0d59-443b-94d1-80f14bd3dd372,2021-08-13T17:19:54.732+03:374,2021-08-13T17:31:01.108+03:374,,1,1,yes,,Tanga,Handeni_Town_Council,"[38.5548925, -5.324294, 0]",,hammer,,,,,c3b014f2a7562270674a5152698213e1050,"-5.324294,38.5548925",SANKU
uuid:007-0d59-443b-94d1-80f14bd3dd373,2021-08-13T17:19:54.732+03:375,2021-08-13T17:31:01.108+03:375,,1,1,yes,,Tanga,Handeni_Town_Council,"[38.2929633, -5.8034067, 0]",,hammer,,,,,c3b014f2a7562270674a5152698213e1051,"-5.8034067,38.2929633",SANKU
uuid:007-0d59-443b-94d1-80f14bd3dd374,2021-08-13T17:19:54.732+03:376,2021-08-13T17:31:01.108+03:376,,1,1,yes,,Tanga,Korogwe_Town_Council,"[38.45489097, -5.133493951, 0]",,hammer,,,,,c3b014f2a7562270674a5152698213e1052,"-5.133493951,38.45489097",SANKU
uuid:007-0d59-443b-94d1-80f14bd3dd375,2021-08-13T17:19:54.732+03:377,2021-08-13T17:31:01.108+03:377,,1,1,yes,,Tanga,Korogwe_Town_Council,"[38.4577948, -5.1568014, 0]",,hammer,,,,,c3b014f2a7562270674a5152698213e1053,"-5.1568014,38.4577948",SANKU
uuid:007-0d59-443b-94d1-80f14bd3dd376,2021-08-13T17:19:54.732+03:378,2021-08-13T17:31:01.108+03:378,,1,1,yes,,Tanga,Korogwe_Town_Council,"[38.43307791, -5.142442499, 0]",,hammer,,,,,c3b014f2a7562270674a5152698213e1054,"-5.142442499,38.43307791",SANKU
uuid:007-0d59-443b-94d1-80f14bd3dd377,2021-08-13T17:19:54.732+03:379,2021-08-13T17:31:01.108+03:379,,1,1,yes,,Tanga,Muheza_District_Council,"[38.7873132, -5.1852699, 0]",,hammer,,,,,c3b014f2a7562270674a5152698213e1055,"-5.1852699,38.7873132",SANKU
uuid:007-0d59-443b-94d1-80f14bd3dd378,2021-08-13T17:19:54.732+03:380,2021-08-13T17:31:01.108+03:380,,1,1,yes,,Tanga,Muheza_District_Council,"[38.9020727, -5.134527, 0]",,hammer,,,,,c3b014f2a7562270674a5152698213e1056,"-5.134527,38.9020727",SANKU
uuid:007-0d59-443b-94d1-80f14bd3dd379,2021-08-13T17:19:54.732+03:381,2021-08-13T17:31:01.108+03:381,,1,1,yes,,Tanga,Pangani_District_Council,"[38.97881, -5.4146867, 0]",,hammer,,,,,c3b014f2a7562270674a5152698213e1057,"-5.4146867,38.97881",SANKU
uuid:007-0d59-443b-94d1-80f14bd3dd380,2021-08-13T17:19:54.732+03:382,2021-08-13T17:31:01.108+03:382,,1,1,yes,,Tanga,Tanga_City_Council,"[39.09406691, -5.081139298, 0]",,hammer,,,,,c3b014f2a7562270674a5152698213e1058,"-5.081139298,39.09406691",SANKU
uuid:007-0d59-443b-94d1-80f14bd3dd381,2021-08-13T17:19:54.732+03:383,2021-08-13T17:31:01.108+03:383,,1,1,yes,,Tanga,Tanga_City_Council,"[39.09954517, -5.081863873, 0]",,hammer,,,,,c3b014f2a7562270674a5152698213e1059,"-5.081863873,39.09954517",SANKU
uuid:007-0d59-443b-94d1-80f14bd3dd382,2021-08-13T17:19:54.732+03:384,2021-08-13T17:31:01.108+03:384,,1,1,yes,,Tanga,Tanga_City_Council,"[39.09822765, -5.082059013, 0]",,hammer,,,,,c3b014f2a7562270674a5152698213e1060,"-5.082059013,39.09822765",SANKU
uuid:007-0d59-443b-94d1-80f14bd3dd383,2021-08-13T17:19:54.732+03:385,2021-08-13T17:31:01.108+03:385,,1,1,yes,,Tanga,Tanga_City_Council,"[39.09014003, -5.08173545, 0]",,hammer,,,,,c3b014f2a7562270674a5152698213e1061,"-5.08173545,39.09014003",SANKU
uuid:007-0d59-443b-94d1-80f14bd3dd384,2021-08-13T17:19:54.732+03:386,2021-08-13T17:31:01.108+03:386,,1,1,yes,,Tanga,Tanga_City_Council,"[39.0841833, -5.0863933, 0]",,hammer,,,,,c3b014f2a7562270674a5152698213e1062,"-5.0863933,39.0841833",SANKU
uuid:007-0d59-443b-94d1-80f14bd3dd385,2021-08-13T17:19:54.732+03:387,2021-08-13T17:31:01.108+03:387,,1,1,yes,,Tanga,Tanga_City_Council,"[39.1031363, -5.0850448, 0]",,hammer,,,,,c3b014f2a7562270674a5152698213e1063,"-5.0850448,39.1031363",SANKU
uuid:007-0d59-443b-94d1-80f14bd3dd386,2021-08-13T17:19:54.732+03:388,2021-08-13T17:31:01.108+03:388,,1,1,yes,,Tanga,Tanga_City_Council,"[39.093373, -5.0787216, 0]",,hammer,,,,,c3b014f2a7562270674a5152698213e1064,"-5.0787216,39.093373",SANKU
uuid:007-0d59-443b-94d1-80f14bd3dd387,2021-08-13T17:19:54.732+03:389,2021-08-13T17:31:01.108+03:389,,1,1,yes,,Tanga,Tanga_City_Council,"[39.0985083, -5.0818433, 0]",,hammer,,,,,c3b014f2a7562270674a5152698213e1065,"-5.0818433,39.0985083",SANKU
uuid:007-0d59-443b-94d1-80f14bd3dd388,2021-08-13T17:19:54.732+03:390,2021-08-13T17:31:01.108+03:390,,1,1,yes,,Tanga,Tanga_City_Council,"[39.09836266, -5.082292938, 0]",,hammer,,,,,c3b014f2a7562270674a5152698213e1066,"-5.082292938,39.09836266",SANKU
uuid:007-0d59-443b-94d1-80f14bd3dd389,2021-08-13T17:19:54.732+03:391,2021-08-13T17:31:01.108+03:391,,1,1,yes,,Tanga,Tanga_City_Council,"[39.09403449, -5.081177916, 0]",,hammer,,,,,c3b014f2a7562270674a5152698213e1067,"-5.081177916,39.09403449",SANKU
,2021-08-13T17:19:54.732+03:392,2021-08-13T17:31:01.108+03:392,,1,1,yes,,Tanga,Tanga_City_Council,"[39.09405439, -5.081271971, 0]",,hammer,,,,,c3b014f2a7562270674a5152698213e1068,"-5.081271971,39.09405439",SANKU
,2021-08-13T17:19:54.732+03:393,2021-08-13T17:31:01.108+03:393,,1,1,yes,,Tanga,Tanga_City_Council,"[39.09439823, -5.08118165, 0]",,hammer,,,,,c3b014f2a7562270674a5152698213e1069,"-5.08118165,39.09439823",SANKU
,2021-08-13T17:19:54.732+03:394,2021-08-13T17:31:01.108+03:394,,1,1,yes,,Tanga,Tanga_City_Council,"[39.09562507, -5.081760323, 0]",,hammer,,,,,c3b014f2a7562270674a5152698213e1070,"-5.081760323,39.09562507",SANKU
,2021-08-13T17:19:54.732+03:395,2021-08-13T17:31:01.108+03:395,,1,1,yes,,Tanga,Tanga_City_Council,"[39.09661, -5.081325, 0]",,hammer,,,,,c3b014f2a7562270674a5152698213e1071,"-5.081325,39.09661",SANKU